ALTER TABLE `wz_questrewarddata`
MODIFY COLUMN `quest_status`  varchar(12) CHARACTER SET utf8 COLLATE utf8_general_ci NOT NULL,
ADD COLUMN `job`  int(12) NOT NULL DEFAULT -1 COMMENT '职业要求',
ADD COLUMN `sex`  int(12) NOT NULL DEFAULT -1 COMMENT '性别要求';

ALTER TABLE `wz_questrewarddata`
ADD COLUMN `reward_rand`  int(12) NOT NULL DEFAULT 100 COMMENT '获奖概率';

DROP TABLE IF EXISTS `wz_questcompletedata`;
CREATE TABLE `wz_questcompletedata` (
  `id` int(11) NOT NULL AUTO_INCREMENT,
  `questid` int(11) NOT NULL DEFAULT '0',
  `name` varchar(32) NOT NULL DEFAULT '',
  `itemId` int(12) NOT NULL DEFAULT '0',
  `num` int(12) DEFAULT '0',
  `quest_status` varchar(255) DEFAULT NULL,
  PRIMARY KEY (`id`)
) ENGINE=Innodb AUTO_INCREMENT=290 DEFAULT CHARSET=utf8 ROW_FORMAT=FIXED;

-- ----------------------------
-- Records of wz_questcompletedata
-- ----------------------------
INSERT INTO `wz_questcompletedata` VALUES ('30', '100', 'item', '4000001', '10', 'f');
INSERT INTO `wz_questcompletedata` VALUES ('31', '100', 'item', '4000000', '30', 'f');
INSERT INTO `wz_questcompletedata` VALUES ('32', '1001100', 'item', '4070000', '1', 's');
INSERT INTO `wz_questcompletedata` VALUES ('33', '1001100', 'item', '4031034', '1', 's');
INSERT INTO `wz_questcompletedata` VALUES ('34', '1000100', 'item', '4000003', '30', 'w');
INSERT INTO `wz_questcompletedata` VALUES ('35', '1000100', 'item', '4000018', '50', 'w');
INSERT INTO `wz_questcompletedata` VALUES ('36', '1001800', 'item', '4000012', '50', '1s');
INSERT INTO `wz_questcompletedata` VALUES ('37', '1001800', 'item', '4000037', '50', '1s');
INSERT INTO `wz_questcompletedata` VALUES ('38', '1001800', 'item', '4000018', '5', '2s');
INSERT INTO `wz_questcompletedata` VALUES ('39', '1001800', 'item', '4003000', '5', '2s');
INSERT INTO `wz_questcompletedata` VALUES ('40', '1001800', 'item', '4000006', '100', '3s');
INSERT INTO `wz_questcompletedata` VALUES ('41', '1001800', 'item', '2022000', '1', '3s');
INSERT INTO `wz_questcompletedata` VALUES ('42', '1000200', 'item', '4031006', '1', 'm1');
INSERT INTO `wz_questcompletedata` VALUES ('43', '1000200', 'item', '4031004', '1', 'm2');
INSERT INTO `wz_questcompletedata` VALUES ('44', '1000200', 'item', '4000004', '50', 'm3');
INSERT INTO `wz_questcompletedata` VALUES ('45', '1000200', 'item', '4000005', '50', 'm3');
INSERT INTO `wz_questcompletedata` VALUES ('46', '1000200', 'item', '4000006', '20', 'm3');
INSERT INTO `wz_questcompletedata` VALUES ('47', '1000200', 'item', '4031005', '1', 'm3');
INSERT INTO `wz_questcompletedata` VALUES ('48', '1000200', 'item', '4000008', '40', 'm4');
INSERT INTO `wz_questcompletedata` VALUES ('49', '1000200', 'item', '4000004', '50', 'm5');
INSERT INTO `wz_questcompletedata` VALUES ('50', '1000200', 'item', '4000005', '50', 'm5');
INSERT INTO `wz_questcompletedata` VALUES ('51', '1000200', 'item', '4000006', '20', 'm5');
INSERT INTO `wz_questcompletedata` VALUES ('52', '1000200', 'item', '4031005', '1', 'm5');
INSERT INTO `wz_questcompletedata` VALUES ('53', '1000200', 'item', '4031004', '1', 'm6');
INSERT INTO `wz_questcompletedata` VALUES ('54', '1000200', 'item', '4031006', '1', 'm7');
INSERT INTO `wz_questcompletedata` VALUES ('55', '1000800', 'item', '4000034', '100', 's');
INSERT INTO `wz_questcompletedata` VALUES ('56', '1000800', 'item', '4000042', '10', 's');
INSERT INTO `wz_questcompletedata` VALUES ('57', '1000800', 'item', '2020000', '1', 's');
INSERT INTO `wz_questcompletedata` VALUES ('58', '1000900', 'item', '4031025', '10', '10');
INSERT INTO `wz_questcompletedata` VALUES ('59', '1000900', 'item', '4031025', '9', '9');
INSERT INTO `wz_questcompletedata` VALUES ('60', '1000900', 'item', '4031025', '8', '8');
INSERT INTO `wz_questcompletedata` VALUES ('61', '1000900', 'item', '4031025', '7', '7');
INSERT INTO `wz_questcompletedata` VALUES ('62', '1000900', 'item', '4031025', '6', '6');
INSERT INTO `wz_questcompletedata` VALUES ('63', '1000900', 'item', '4031025', '5', '5');
INSERT INTO `wz_questcompletedata` VALUES ('64', '1000900', 'item', '4031025', '4', '4');
INSERT INTO `wz_questcompletedata` VALUES ('65', '1000900', 'item', '4031025', '3', '3');
INSERT INTO `wz_questcompletedata` VALUES ('66', '1000900', 'item', '4031025', '2', '2');
INSERT INTO `wz_questcompletedata` VALUES ('67', '1000900', 'item', '4031025', '1', '1');
INSERT INTO `wz_questcompletedata` VALUES ('68', '1000300', 'item', '4000009', '60', 'p');
INSERT INTO `wz_questcompletedata` VALUES ('69', '1000300', 'item', '4000012', '60', 'p');
INSERT INTO `wz_questcompletedata` VALUES ('70', '1001200', 'item', '4031039', '1', 's');
INSERT INTO `wz_questcompletedata` VALUES ('71', '1001200', 'item', '4031039', '1', 'g');
INSERT INTO `wz_questcompletedata` VALUES ('72', '1000500', 'item', '4001003', '1', 'a');
INSERT INTO `wz_questcompletedata` VALUES ('73', '1000500', 'item', '4000007', '50', 'a');
INSERT INTO `wz_questcompletedata` VALUES ('74', '1000500', 'item', '4000002', '50', 'a');
INSERT INTO `wz_questcompletedata` VALUES ('75', '1000500', 'item', '4001003', '1', 't');
INSERT INTO `wz_questcompletedata` VALUES ('76', '1000400', 'item', '4000020', '100', 'j');
INSERT INTO `wz_questcompletedata` VALUES ('77', '1000400', 'item', '4000015', '120', 'j');
INSERT INTO `wz_questcompletedata` VALUES ('78', '1001000', 'item', '4001000', '1', 's');
INSERT INTO `wz_questcompletedata` VALUES ('79', '1000700', 'item', '4031020', '1', '1_01');
INSERT INTO `wz_questcompletedata` VALUES ('80', '1000700', 'item', '4031021', '1', '1_02');
INSERT INTO `wz_questcompletedata` VALUES ('81', '1000700', 'item', '4031022', '1', '1_03');
INSERT INTO `wz_questcompletedata` VALUES ('82', '1000700', 'item', '4031023', '1', '1_04');
INSERT INTO `wz_questcompletedata` VALUES ('83', '1001801', 'item', '4000015', '100', '1s');
INSERT INTO `wz_questcompletedata` VALUES ('84', '1001801', 'item', '4000034', '50', '1s');
INSERT INTO `wz_questcompletedata` VALUES ('85', '1001801', 'item', '4003004', '50', '2s');
INSERT INTO `wz_questcompletedata` VALUES ('86', '1001801', 'item', '4000021', '20', '2s');
INSERT INTO `wz_questcompletedata` VALUES ('87', '1001801', 'item', '4000007', '200', '3s');
INSERT INTO `wz_questcompletedata` VALUES ('88', '1000600', 'item', '4000029', '50', '2');
INSERT INTO `wz_questcompletedata` VALUES ('89', '1000600', 'item', '4031014', '1', '2');
INSERT INTO `wz_questcompletedata` VALUES ('90', '1000600', 'item', '4031015', '1', '2');
INSERT INTO `wz_questcompletedata` VALUES ('91', '1000600', 'item', '4000029', '50', '3');
INSERT INTO `wz_questcompletedata` VALUES ('92', '1000600', 'item', '4031014', '1', '3');
INSERT INTO `wz_questcompletedata` VALUES ('93', '1000600', 'item', '4031015', '1', '3');
INSERT INTO `wz_questcompletedata` VALUES ('94', '1000600', 'item', '4031016', '1', '4');
INSERT INTO `wz_questcompletedata` VALUES ('95', '1000101', 'item', '4000022', '100', 'p0');
INSERT INTO `wz_questcompletedata` VALUES ('96', '1000101', 'item', '4003000', '30', 'p0');
INSERT INTO `wz_questcompletedata` VALUES ('97', '1000101', 'item', '4001004', '1', 'p0');
INSERT INTO `wz_questcompletedata` VALUES ('98', '1000901', 'item', '4031022', '20', '20');
INSERT INTO `wz_questcompletedata` VALUES ('99', '1000901', 'item', '4031022', '19', '19');
INSERT INTO `wz_questcompletedata` VALUES ('100', '1000901', 'item', '4031022', '18', '18');
INSERT INTO `wz_questcompletedata` VALUES ('101', '1000901', 'item', '4031022', '17', '17');
INSERT INTO `wz_questcompletedata` VALUES ('102', '1000901', 'item', '4031022', '16', '16');
INSERT INTO `wz_questcompletedata` VALUES ('103', '1000901', 'item', '4031022', '15', '15');
INSERT INTO `wz_questcompletedata` VALUES ('104', '1000901', 'item', '4031022', '14', '14');
INSERT INTO `wz_questcompletedata` VALUES ('105', '1000901', 'item', '4031022', '13', '13');
INSERT INTO `wz_questcompletedata` VALUES ('106', '1000901', 'item', '4031022', '12', '12');
INSERT INTO `wz_questcompletedata` VALUES ('107', '1000901', 'item', '4031022', '11', '11');
INSERT INTO `wz_questcompletedata` VALUES ('108', '1000901', 'item', '4031022', '10', '10');
INSERT INTO `wz_questcompletedata` VALUES ('109', '1000901', 'item', '4031022', '9', '9');
INSERT INTO `wz_questcompletedata` VALUES ('110', '1000901', 'item', '4031022', '8', '8');
INSERT INTO `wz_questcompletedata` VALUES ('111', '1000901', 'item', '4031022', '7', '7');
INSERT INTO `wz_questcompletedata` VALUES ('112', '1000901', 'item', '4031022', '6', '6');
INSERT INTO `wz_questcompletedata` VALUES ('113', '1000901', 'item', '4031022', '5', '5');
INSERT INTO `wz_questcompletedata` VALUES ('114', '1000901', 'item', '4031022', '4', '4');
INSERT INTO `wz_questcompletedata` VALUES ('115', '1000901', 'item', '4031022', '3', '3');
INSERT INTO `wz_questcompletedata` VALUES ('116', '1000901', 'item', '4031022', '2', '2');
INSERT INTO `wz_questcompletedata` VALUES ('117', '1000901', 'item', '4031022', '1', '1');
INSERT INTO `wz_questcompletedata` VALUES ('118', '1001201', 'item', '4031040', '1', 's');
INSERT INTO `wz_questcompletedata` VALUES ('119', '1001201', 'item', '4031040', '1', 'g');
INSERT INTO `wz_questcompletedata` VALUES ('120', '1000601', 'item', '4000031', '100', 'r0');
INSERT INTO `wz_questcompletedata` VALUES ('121', '1000601', 'item', '4000031', '200', 'r2');
INSERT INTO `wz_questcompletedata` VALUES ('122', '1000601', 'item', '4000031', '400', 'r4');
INSERT INTO `wz_questcompletedata` VALUES ('123', '1000601', 'item', '4000031', '600', 'r6');
INSERT INTO `wz_questcompletedata` VALUES ('124', '1000601', 'item', '4000031', '1000', 'r8');
INSERT INTO `wz_questcompletedata` VALUES ('125', '1000401', 'item', '2022000', '1', 'j0');
INSERT INTO `wz_questcompletedata` VALUES ('126', '1000401', 'item', '4000036', '30', 'j0');
INSERT INTO `wz_questcompletedata` VALUES ('127', '1000401', 'item', '4000041', '20', 'j0');
INSERT INTO `wz_questcompletedata` VALUES ('128', '1000401', 'item', '4000040', '1', 'j2');
INSERT INTO `wz_questcompletedata` VALUES ('129', '1000401', 'item', '2012000', '3', 'j2');
INSERT INTO `wz_questcompletedata` VALUES ('130', '1000401', 'item', '4000036', '100', 'j2');
INSERT INTO `wz_questcompletedata` VALUES ('131', '1000401', 'item', '4000041', '30', 'j2');
INSERT INTO `wz_questcompletedata` VALUES ('132', '1000401', 'item', '4011007', '1', 'j4');
INSERT INTO `wz_questcompletedata` VALUES ('133', '1000401', 'item', '4000030', '20', 'j4');
INSERT INTO `wz_questcompletedata` VALUES ('134', '1000401', 'item', '2012002', '10', 'j4');
INSERT INTO `wz_questcompletedata` VALUES ('135', '1001202', 'item', '4031041', '1', 's');
INSERT INTO `wz_questcompletedata` VALUES ('136', '1001202', 'item', '4031041', '1', 'g');
INSERT INTO `wz_questcompletedata` VALUES ('137', '1001400', 'item', '4031054', '3', 's');
INSERT INTO `wz_questcompletedata` VALUES ('138', '1001400', 'item', '4031054', '3', '1');
INSERT INTO `wz_questcompletedata` VALUES ('139', '1001400', 'item', '4031054', '3', '10');
INSERT INTO `wz_questcompletedata` VALUES ('140', '1001400', 'item', '4031054', '3', '100');
INSERT INTO `wz_questcompletedata` VALUES ('141', '1001400', 'item', '4031054', '3', '12');
INSERT INTO `wz_questcompletedata` VALUES ('142', '1001400', 'item', '4031054', '3', '21');
INSERT INTO `wz_questcompletedata` VALUES ('143', '1001400', 'item', '4031054', '3', '102');
INSERT INTO `wz_questcompletedata` VALUES ('144', '1001400', 'item', '4031054', '3', '201');
INSERT INTO `wz_questcompletedata` VALUES ('145', '1001400', 'item', '4031054', '3', '120');
INSERT INTO `wz_questcompletedata` VALUES ('146', '1001400', 'item', '4031054', '3', '210');
INSERT INTO `wz_questcompletedata` VALUES ('147', '1001400', 'item', '4031054', '3', '123');
INSERT INTO `wz_questcompletedata` VALUES ('148', '1001400', 'item', '4031054', '3', '132');
INSERT INTO `wz_questcompletedata` VALUES ('149', '1001400', 'item', '4031054', '3', '213');
INSERT INTO `wz_questcompletedata` VALUES ('150', '1001400', 'item', '4031054', '3', '231');
INSERT INTO `wz_questcompletedata` VALUES ('151', '1001400', 'item', '4031054', '3', '312');
INSERT INTO `wz_questcompletedata` VALUES ('152', '1001400', 'item', '4031054', '3', '321');
INSERT INTO `wz_questcompletedata` VALUES ('153', '1000201', 'item', '1302015', '1', 'ms');
INSERT INTO `wz_questcompletedata` VALUES ('154', '1000201', 'item', '4021009', '1', 'mc');
INSERT INTO `wz_questcompletedata` VALUES ('155', '1000201', 'item', '4003002', '1', 'mc');
INSERT INTO `wz_questcompletedata` VALUES ('156', '1000201', 'item', '4001005', '1', 'mc');
INSERT INTO `wz_questcompletedata` VALUES ('157', '1000201', 'item', '4001006', '1', 'mc');
INSERT INTO `wz_questcompletedata` VALUES ('158', '1000201', 'item', '1302015', '1', 'mh');
INSERT INTO `wz_questcompletedata` VALUES ('159', '1000701', 'item', '4031032', '1', '2_01');
INSERT INTO `wz_questcompletedata` VALUES ('160', '1000701', 'item', '4031033', '1', '2_02');
INSERT INTO `wz_questcompletedata` VALUES ('161', '1000701', 'item', '4031029', '1', '2_51');
INSERT INTO `wz_questcompletedata` VALUES ('162', '1000701', 'item', '4031030', '1', '2_52');
INSERT INTO `wz_questcompletedata` VALUES ('163', '1000701', 'item', '4031031', '1', '2_53');
INSERT INTO `wz_questcompletedata` VALUES ('164', '1000701', 'item', '4031032', '1', '2_11');
INSERT INTO `wz_questcompletedata` VALUES ('165', '1000701', 'item', '4031033', '1', '2_12');
INSERT INTO `wz_questcompletedata` VALUES ('166', '1000701', 'item', '4031029', '1', '2_61');
INSERT INTO `wz_questcompletedata` VALUES ('167', '1000701', 'item', '4031030', '1', '2_62');
INSERT INTO `wz_questcompletedata` VALUES ('168', '1000701', 'item', '4031031', '1', '2_63');
INSERT INTO `wz_questcompletedata` VALUES ('169', '1000701', 'item', '4031032', '1', '2_91');
INSERT INTO `wz_questcompletedata` VALUES ('170', '1000701', 'item', '4031033', '1', '2_92');
INSERT INTO `wz_questcompletedata` VALUES ('171', '1000701', 'item', '4031029', '1', '2_81');
INSERT INTO `wz_questcompletedata` VALUES ('172', '1000701', 'item', '4031030', '1', '2_82');
INSERT INTO `wz_questcompletedata` VALUES ('173', '1000701', 'item', '4031031', '1', '2_83');
INSERT INTO `wz_questcompletedata` VALUES ('174', '1000801', 'item', '4031042', '1', 's');
INSERT INTO `wz_questcompletedata` VALUES ('175', '1000801', 'item', '4011005', '10', 's');
INSERT INTO `wz_questcompletedata` VALUES ('176', '1000801', 'item', '4000030', '50', 's');
INSERT INTO `wz_questcompletedata` VALUES ('177', '1000801', 'item', '4003000', '40', 's');
INSERT INTO `wz_questcompletedata` VALUES ('178', '1000801', 'item', '4000046', '3', 's');
INSERT INTO `wz_questcompletedata` VALUES ('179', '1000301', 'item', '4011004', '15', 's');
INSERT INTO `wz_questcompletedata` VALUES ('180', '1000301', 'item', '4000030', '50', 's');
INSERT INTO `wz_questcompletedata` VALUES ('181', '1000301', 'item', '4003000', '40', 's');
INSERT INTO `wz_questcompletedata` VALUES ('182', '1000301', 'item', '4031043', '1', 's');
INSERT INTO `wz_questcompletedata` VALUES ('183', '1000301', 'item', '4021008', '1', 'g');
INSERT INTO `wz_questcompletedata` VALUES ('184', '1000301', 'item', '4001005', '1', 'g');
INSERT INTO `wz_questcompletedata` VALUES ('185', '1000301', 'item', '4000028', '30', 'g');
INSERT INTO `wz_questcompletedata` VALUES ('186', '1000301', 'item', '4011004', '15', 'p');
INSERT INTO `wz_questcompletedata` VALUES ('187', '1000301', 'item', '4000030', '50', 'p');
INSERT INTO `wz_questcompletedata` VALUES ('188', '1000301', 'item', '4003000', '40', 'p');
INSERT INTO `wz_questcompletedata` VALUES ('189', '1000301', 'item', '4031043', '1', 'p');
INSERT INTO `wz_questcompletedata` VALUES ('190', '1000602', 'item', '4000001', '50', '1');
INSERT INTO `wz_questcompletedata` VALUES ('191', '1000602', 'item', '4000005', '50', '1');
INSERT INTO `wz_questcompletedata` VALUES ('192', '1000602', 'item', '4000004', '50', '1');
INSERT INTO `wz_questcompletedata` VALUES ('193', '1000602', 'item', '4000016', '50', '1');
INSERT INTO `wz_questcompletedata` VALUES ('194', '1000602', 'item', '4000006', '50', '2');
INSERT INTO `wz_questcompletedata` VALUES ('195', '1000602', 'item', '4000013', '50', '2');
INSERT INTO `wz_questcompletedata` VALUES ('196', '1000602', 'item', '4000020', '50', '2');
INSERT INTO `wz_questcompletedata` VALUES ('197', '1000602', 'item', '4000008', '50', '2');
INSERT INTO `wz_questcompletedata` VALUES ('198', '1000602', 'item', '4000014', '50', '3');
INSERT INTO `wz_questcompletedata` VALUES ('199', '1000602', 'item', '4000022', '50', '3');
INSERT INTO `wz_questcompletedata` VALUES ('200', '1000602', 'item', '4000033', '50', '3');
INSERT INTO `wz_questcompletedata` VALUES ('201', '1000602', 'item', '4000029', '50', '3');
INSERT INTO `wz_questcompletedata` VALUES ('202', '1000602', 'item', '4000036', '50', '4');
INSERT INTO `wz_questcompletedata` VALUES ('203', '1000602', 'item', '4000025', '50', '4');
INSERT INTO `wz_questcompletedata` VALUES ('204', '1000602', 'item', '4000027', '50', '4');
INSERT INTO `wz_questcompletedata` VALUES ('205', '1000602', 'item', '4000028', '50', '4');
INSERT INTO `wz_questcompletedata` VALUES ('206', '1000602', 'item', '4021007', '1', '4');
INSERT INTO `wz_questcompletedata` VALUES ('207', '1000202', 'item', '4000019', '50', '1');
INSERT INTO `wz_questcompletedata` VALUES ('208', '1000202', 'item', '4000000', '50', '1');
INSERT INTO `wz_questcompletedata` VALUES ('209', '1000202', 'item', '4000011', '50', '1');
INSERT INTO `wz_questcompletedata` VALUES ('210', '1000202', 'item', '4000005', '50', '1');
INSERT INTO `wz_questcompletedata` VALUES ('211', '1000202', 'item', '4000024', '50', '2');
INSERT INTO `wz_questcompletedata` VALUES ('212', '1000202', 'item', '4000037', '50', '2');
INSERT INTO `wz_questcompletedata` VALUES ('213', '1000202', 'item', '4000002', '50', '2');
INSERT INTO `wz_questcompletedata` VALUES ('214', '1000202', 'item', '4000035', '50', '2');
INSERT INTO `wz_questcompletedata` VALUES ('215', '1000202', 'item', '4000026', '10', '3');
INSERT INTO `wz_questcompletedata` VALUES ('216', '1000202', 'item', '4000023', '50', '3');
INSERT INTO `wz_questcompletedata` VALUES ('217', '1000202', 'item', '4000045', '50', '3');
INSERT INTO `wz_questcompletedata` VALUES ('218', '1000202', 'item', '4000039', '50', '3');
INSERT INTO `wz_questcompletedata` VALUES ('219', '1000202', 'item', '4000044', '50', '4');
INSERT INTO `wz_questcompletedata` VALUES ('220', '1000202', 'item', '4000025', '50', '4');
INSERT INTO `wz_questcompletedata` VALUES ('221', '1000202', 'item', '4000027', '50', '4');
INSERT INTO `wz_questcompletedata` VALUES ('222', '1000202', 'item', '4000028', '50', '4');
INSERT INTO `wz_questcompletedata` VALUES ('223', '1000202', 'item', '4021007', '1', '4');
INSERT INTO `wz_questcompletedata` VALUES ('224', '1002000', 'item', '4000083', '45', 's');
INSERT INTO `wz_questcompletedata` VALUES ('225', '1002000', 'item', '4000084', '20', 's');
INSERT INTO `wz_questcompletedata` VALUES ('226', '1002000', 'item', '4000085', '20', 's');
INSERT INTO `wz_questcompletedata` VALUES ('227', '1001500', 'item', '4031053', '1', 'ks');
INSERT INTO `wz_questcompletedata` VALUES ('228', '1001500', 'item', '4031049', '4', 'fe');
INSERT INTO `wz_questcompletedata` VALUES ('229', '1001500', 'item', '4031055', '1', 'ms');
INSERT INTO `wz_questcompletedata` VALUES ('230', '1001500', 'item', '4000053', '3', 'mw');
INSERT INTO `wz_questcompletedata` VALUES ('231', '1001500', 'item', '4031055', '1', 'mg');
INSERT INTO `wz_questcompletedata` VALUES ('232', '1001500', 'item', '4031056', '1', 'me');
INSERT INTO `wz_questcompletedata` VALUES ('233', '1001500', 'item', '4031056', '1', 'fb');
INSERT INTO `wz_questcompletedata` VALUES ('234', '1001501', 'item', '4031052', '1', 'h6');
INSERT INTO `wz_questcompletedata` VALUES ('235', '1001502', 'item', '4031050', '1', 's1');
INSERT INTO `wz_questcompletedata` VALUES ('236', '1001502', 'item', '4031050', '1', 's2');
INSERT INTO `wz_questcompletedata` VALUES ('237', '1001502', 'item', '4031051', '1', 's4');
INSERT INTO `wz_questcompletedata` VALUES ('238', '1001502', 'item', '4000059', '100', 's5');
INSERT INTO `wz_questcompletedata` VALUES ('239', '1001502', 'item', '4000060', '50', 's5');
INSERT INTO `wz_questcompletedata` VALUES ('240', '1001502', 'item', '4000061', '30', 's5');
INSERT INTO `wz_questcompletedata` VALUES ('241', '1001502', 'item', '4031051', '1', 's6');
INSERT INTO `wz_questcompletedata` VALUES ('242', '1001503', 'item', '4031053', '1', 's');
INSERT INTO `wz_questcompletedata` VALUES ('243', '1001503', 'item', '4000051', '100', 'k2');
INSERT INTO `wz_questcompletedata` VALUES ('244', '1001503', 'item', '4000052', '100', 'k2');
INSERT INTO `wz_questcompletedata` VALUES ('245', '1001504', 'item', '4005000', '2', 's');
INSERT INTO `wz_questcompletedata` VALUES ('246', '1001504', 'item', '4005001', '2', 'f2');
INSERT INTO `wz_questcompletedata` VALUES ('247', '1001504', 'item', '4005002', '2', 'f4');
INSERT INTO `wz_questcompletedata` VALUES ('248', '1001504', 'item', '4005003', '2', 'f6');
INSERT INTO `wz_questcompletedata` VALUES ('249', '1000902', 'item', '4031028', '30', '30');
INSERT INTO `wz_questcompletedata` VALUES ('250', '1000902', 'item', '4031028', '29', '29');
INSERT INTO `wz_questcompletedata` VALUES ('251', '1000902', 'item', '4031028', '28', '28');
INSERT INTO `wz_questcompletedata` VALUES ('252', '1000902', 'item', '4031028', '27', '27');
INSERT INTO `wz_questcompletedata` VALUES ('253', '1000902', 'item', '4031028', '26', '26');
INSERT INTO `wz_questcompletedata` VALUES ('254', '1000902', 'item', '4031028', '25', '25');
INSERT INTO `wz_questcompletedata` VALUES ('255', '1000902', 'item', '4031028', '24', '24');
INSERT INTO `wz_questcompletedata` VALUES ('256', '1000902', 'item', '4031028', '23', '23');
INSERT INTO `wz_questcompletedata` VALUES ('257', '1000902', 'item', '4031028', '22', '22');
INSERT INTO `wz_questcompletedata` VALUES ('258', '1000902', 'item', '4031028', '21', '21');
INSERT INTO `wz_questcompletedata` VALUES ('259', '1000902', 'item', '4031028', '20', '20');
INSERT INTO `wz_questcompletedata` VALUES ('260', '1000902', 'item', '4031028', '19', '19');
INSERT INTO `wz_questcompletedata` VALUES ('261', '1000902', 'item', '4031028', '18', '18');
INSERT INTO `wz_questcompletedata` VALUES ('262', '1000902', 'item', '4031028', '17', '17');
INSERT INTO `wz_questcompletedata` VALUES ('263', '1000902', 'item', '4031028', '16', '16');
INSERT INTO `wz_questcompletedata` VALUES ('264', '1000902', 'item', '4031028', '15', '15');
INSERT INTO `wz_questcompletedata` VALUES ('265', '1000902', 'item', '4031028', '14', '14');
INSERT INTO `wz_questcompletedata` VALUES ('266', '1000902', 'item', '4031028', '13', '13');
INSERT INTO `wz_questcompletedata` VALUES ('267', '1000902', 'item', '4031028', '12', '12');
INSERT INTO `wz_questcompletedata` VALUES ('268', '1000902', 'item', '4031028', '11', '11');
INSERT INTO `wz_questcompletedata` VALUES ('269', '1000902', 'item', '4031028', '10', '10');
INSERT INTO `wz_questcompletedata` VALUES ('270', '1000902', 'item', '4031028', '9', '9');
INSERT INTO `wz_questcompletedata` VALUES ('271', '1000902', 'item', '4031028', '8', '8');
INSERT INTO `wz_questcompletedata` VALUES ('272', '1000902', 'item', '4031028', '7', '7');
INSERT INTO `wz_questcompletedata` VALUES ('273', '1000902', 'item', '4031028', '6', '6');
INSERT INTO `wz_questcompletedata` VALUES ('274', '1000902', 'item', '4031028', '5', '5');
INSERT INTO `wz_questcompletedata` VALUES ('275', '1000902', 'item', '4031028', '4', '4');
INSERT INTO `wz_questcompletedata` VALUES ('276', '1000902', 'item', '4031028', '3', '3');
INSERT INTO `wz_questcompletedata` VALUES ('277', '1000902', 'item', '4031028', '2', '2');
INSERT INTO `wz_questcompletedata` VALUES ('278', '1000902', 'item', '4031028', '1', '1');
INSERT INTO `wz_questcompletedata` VALUES ('279', '1001600', 'item', '4005004', '1', 's');
INSERT INTO `wz_questcompletedata` VALUES ('280', '1001600', 'item', '4021009', '1', 's');
INSERT INTO `wz_questcompletedata` VALUES ('281', '1001900', 'item', '4031060', '1', 's');
INSERT INTO `wz_questcompletedata` VALUES ('282', '1001900', 'item', '4000079', '100', 's');
INSERT INTO `wz_questcompletedata` VALUES ('283', '1001900', 'item', '4031060', '1', 'g');
INSERT INTO `wz_questcompletedata` VALUES ('284', '1001900', 'item', '4000079', '100', 'g');
INSERT INTO `wz_questcompletedata` VALUES ('285', '7000000', 'item', '4001018', '1', 's');
INSERT INTO `wz_questcompletedata` VALUES ('286', '7000000', 'item', '4001018', '1', 'fail');
INSERT INTO `wz_questcompletedata` VALUES ('287', '7000001', 'item', '4031062', '1', 's');
INSERT INTO `wz_questcompletedata` VALUES ('288', '7000002', 'item', '4000082', '30', 's');
INSERT INTO `wz_questcompletedata` VALUES ('289', '7000002', 'item', '4000082', '30', 's2');

-- ----------------------------
-- Table structure for wz_questdata
-- ----------------------------
DROP TABLE IF EXISTS `wz_questdata`;
CREATE TABLE `wz_questdata` (
  `questid` int(11) NOT NULL,
  `name` varchar(1024) NOT NULL,
  `npcId` int(15) DEFAULT NULL,
  `start_status` varchar(15) NOT NULL DEFAULT '0',
  `end_status` varchar(15) NOT NULL DEFAULT '0',
  `rewardId` int(15) NOT NULL DEFAULT '0',
  PRIMARY KEY (`questid`)
) ENGINE=Innodb DEFAULT CHARSET=utf8 ROW_FORMAT=DYNAMIC;

-- ----------------------------
-- Records of wz_questdata
-- ----------------------------
INSERT INTO `wz_questdata` VALUES ('100', '比格斯的物品收集', '20002', 'f', 'end', '0');
INSERT INTO `wz_questdata` VALUES ('1000100', '酋长的家修理', '1020000', 'w', 'end', '0');
INSERT INTO `wz_questdata` VALUES ('1000101', '酋长盖房子', '1020000', 'p0', 'pe', '0');
INSERT INTO `wz_questdata` VALUES ('1000200', '玛亚和奇怪的药', '1012101', 'm1', 'end', '0');
INSERT INTO `wz_questdata` VALUES ('1000201', '麦吉的旧战剑', '1022002', 'ms', 'yes', '0');
INSERT INTO `wz_questdata` VALUES ('1000202', '为玛亚的收集', '1012101', '1', 'end', '0');
INSERT INTO `wz_questdata` VALUES ('1000300', '皮亚和蓝蘑菇', '1012102', 'p', 'end', '0');
INSERT INTO `wz_questdata` VALUES ('1000301', '皮亚的为朋友的礼物', '1012102', 's', 'end', '0');
INSERT INTO `wz_questdata` VALUES ('1000400', '简和野猪', '1002100', 'j', 'end', '0');
INSERT INTO `wz_questdata` VALUES ('1000401', '炼金术士，简', '1002100', 'j0', 'je', '0');
INSERT INTO `wz_questdata` VALUES ('1000500', '离家出去的阿勒斯', '1052000', 'a', 'end', '0');
INSERT INTO `wz_questdata` VALUES ('1000600', '泰素夫的秘密之书', '1061003', '1', 'e', '0');
INSERT INTO `wz_questdata` VALUES ('1000601', '妖精罗雯和诅咒的娃娃', '1032101', 'r0', 're', '0');
INSERT INTO `wz_questdata` VALUES ('1000602', '洛尼和妖精们的盖新房子', '1061004', '1', 'end', '0');
INSERT INTO `wz_questdata` VALUES ('1000700', '萨比特拉玛的减肥药', '1061005', '1_01', '1_00', '0');
INSERT INTO `wz_questdata` VALUES ('1000701', '萨比特拉玛的年轻药', '1061005', '2_01', '2_00', '0');
INSERT INTO `wz_questdata` VALUES ('1000800', '迷宫入口的守卫兵', '1040000', 's', 'end', '0');
INSERT INTO `wz_questdata` VALUES ('1000801', '守卫兵鲁克的决心', '1040000', 's', 'end', '0');
INSERT INTO `wz_questdata` VALUES ('1000900', '约翰的粉红花篮', '20000', '10', 'end', '0');
INSERT INTO `wz_questdata` VALUES ('1000901', '约翰的礼物', '20000', '20', 'end', '0');
INSERT INTO `wz_questdata` VALUES ('1000902', '约翰的最后礼物', '20000', '30', 'end', '0');
INSERT INTO `wz_questdata` VALUES ('1001000', '艾温的玻璃鞋', '1032100', 's', 'end', '0');
INSERT INTO `wz_questdata` VALUES ('1001100', '妖精 玛丽和生命水', '1032102', 's', 'end', '0');
INSERT INTO `wz_questdata` VALUES ('1001200', '休咪丢失的钱团', '1052102', 's', 'end', '0');
INSERT INTO `wz_questdata` VALUES ('1001201', '休咪丢失的钞票', '1052102', 's', 'end', '0');
INSERT INTO `wz_questdata` VALUES ('1001202', '休咪丢失的钱包', '1052102', 's', 'end', '0');
INSERT INTO `wz_questdata` VALUES ('1001400', '阿尔法部队联络网', '2020003', 's', 'end1', '0');
INSERT INTO `wz_questdata` VALUES ('1001500', '寻找《上古魔书》', '2020005', 's', 'end', '0');
INSERT INTO `wz_questdata` VALUES ('1001501', '消失的赫拉', '2020005', 's', 'end', '0');
INSERT INTO `wz_questdata` VALUES ('1001502', '斯皮罗纳的黑水晶', '2032001', 's', 'end', '0');
INSERT INTO `wz_questdata` VALUES ('1001503', '猎手 斯卡德', '2020006', 's', 'end', '0');
INSERT INTO `wz_questdata` VALUES ('1001504', '金银岛的四位贤者', '1022000', 's', 'end', '0');
INSERT INTO `wz_questdata` VALUES ('1001600', '阿尔卡斯特和黑暗水晶', '2020005', 's', 'end', '0');
INSERT INTO `wz_questdata` VALUES ('1001800', '帮助废弃都市居民们 I', '1052103', '1s', '3end', '0');
INSERT INTO `wz_questdata` VALUES ('1001801', '帮助废弃都市居民们 II', '1052103', '1s', '3end', '0');
INSERT INTO `wz_questdata` VALUES ('1001900', '猎手斯卡得的儿子尼克', '2020007', 's', 'end', '0');
INSERT INTO `wz_questdata` VALUES ('1002000', '何克的魔法材料收集', '2030012', 's', 'end', '0');
INSERT INTO `wz_questdata` VALUES ('7000000', '扎昆任务第一阶段。', '2030008', 's', 'end', '0');
INSERT INTO `wz_questdata` VALUES ('7000001', '扎昆任务第二阶段', '2030008', 's', 'end', '0');
INSERT INTO `wz_questdata` VALUES ('7000002', '扎昆任务第三阶段', '2030008', 's', 'end', '0');

-- ----------------------------
-- Table structure for wz_questreqdata
-- ----------------------------
DROP TABLE IF EXISTS `wz_questreqdata`;
CREATE TABLE `wz_questreqdata` (
  `id` int(11) NOT NULL AUTO_INCREMENT,
  `questid` int(11) NOT NULL DEFAULT '0',
  `name` varchar(128) NOT NULL DEFAULT '',
  `type` tinyint(1) NOT NULL DEFAULT '0',
  `stringStore` varchar(1024) NOT NULL DEFAULT '',
  PRIMARY KEY (`id`),
  KEY `quests_ibfk_1` (`questid`)
) ENGINE=Innodb AUTO_INCREMENT=60180 DEFAULT CHARSET=utf8 ROW_FORMAT=DYNAMIC;

-- ----------------------------
-- Records of wz_questreqdata
-- ----------------------------
INSERT INTO `wz_questreqdata` VALUES ('60127', '1001800', 'lvmin', '15', '15');
INSERT INTO `wz_questreqdata` VALUES ('60128', '1000200', 'lvmin', '15', '15');
INSERT INTO `wz_questreqdata` VALUES ('60129', '1000200', 'nojob', '0', '0');
INSERT INTO `wz_questreqdata` VALUES ('60130', '1000800', 'lvmin', '15', '15');
INSERT INTO `wz_questreqdata` VALUES ('60131', '1000800', 'nojob', '0', '0');
INSERT INTO `wz_questreqdata` VALUES ('60132', '1000900', 'lvmin', '15', '15');
INSERT INTO `wz_questreqdata` VALUES ('60133', '1000300', 'lvmin', '20', '20');
INSERT INTO `wz_questreqdata` VALUES ('60134', '1000300', 'nojob', '0', '0');
INSERT INTO `wz_questreqdata` VALUES ('60135', '1001200', 'lvmin', '20', '20');
INSERT INTO `wz_questreqdata` VALUES ('60136', '1000500', 'lvmin', '20', '20');
INSERT INTO `wz_questreqdata` VALUES ('60137', '1000500', 'nojob', '0', '0');
INSERT INTO `wz_questreqdata` VALUES ('60138', '1000400', 'lvmin', '25', '25');
INSERT INTO `wz_questreqdata` VALUES ('60139', '1000400', 'nojob', '0', '0');
INSERT INTO `wz_questreqdata` VALUES ('60140', '1001000', 'lvmin', '25', '25');
INSERT INTO `wz_questreqdata` VALUES ('60141', '1001000', 'nojob', '0', '0');
INSERT INTO `wz_questreqdata` VALUES ('60142', '1000700', 'lvmin', '25', '25');
INSERT INTO `wz_questreqdata` VALUES ('60143', '1001801', 'lvmin', '25', '25');
INSERT INTO `wz_questreqdata` VALUES ('60144', '1000600', 'lvmin', '30', '30');
INSERT INTO `wz_questreqdata` VALUES ('60145', '1000600', 'nojob', '0', '0');
INSERT INTO `wz_questreqdata` VALUES ('60146', '1000101', 'lvmin', '30', '30');
INSERT INTO `wz_questreqdata` VALUES ('60147', '1000101', 'pop', '10', '10');
INSERT INTO `wz_questreqdata` VALUES ('60148', '1000101', 'nojob', '0', '0');
INSERT INTO `wz_questreqdata` VALUES ('60149', '1000901', 'lvmin', '30', '30');
INSERT INTO `wz_questreqdata` VALUES ('60150', '1001201', 'lvmin', '30', '30');
INSERT INTO `wz_questreqdata` VALUES ('60151', '1000601', 'lvmin', '35', '35');
INSERT INTO `wz_questreqdata` VALUES ('60152', '1000601', 'nojob', '0', '0');
INSERT INTO `wz_questreqdata` VALUES ('60153', '1000401', 'lvmin', '40', '40');
INSERT INTO `wz_questreqdata` VALUES ('60154', '1000401', 'nojob', '0', '0');
INSERT INTO `wz_questreqdata` VALUES ('60155', '1001202', 'lvmin', '40', '40');
INSERT INTO `wz_questreqdata` VALUES ('60156', '1001400', 'lvmin', '40', '40');
INSERT INTO `wz_questreqdata` VALUES ('60157', '1000201', 'lvmin', '45', '45');
INSERT INTO `wz_questreqdata` VALUES ('60158', '1000201', 'nojob', '0', '0');
INSERT INTO `wz_questreqdata` VALUES ('60159', '1000701', 'lvmin', '50', '50');
INSERT INTO `wz_questreqdata` VALUES ('60160', '1000801', 'lvmin', '50', '50');
INSERT INTO `wz_questreqdata` VALUES ('60161', '1000801', 'job', '100', '100');
INSERT INTO `wz_questreqdata` VALUES ('60162', '1000301', 'lvmin', '55', '55');
INSERT INTO `wz_questreqdata` VALUES ('60163', '1000301', 'job', '127', '100');
INSERT INTO `wz_questreqdata` VALUES ('60164', '1000602', 'lvmin', '55', '55');
INSERT INTO `wz_questreqdata` VALUES ('60165', '1000602', 'job', '127', '100');
INSERT INTO `wz_questreqdata` VALUES ('60166', '1000202', 'lvmin', '55', '55');
INSERT INTO `wz_questreqdata` VALUES ('60167', '1000202', 'job', '127', '100');
INSERT INTO `wz_questreqdata` VALUES ('60168', '1001500', 'lvmin', '55', '55');
INSERT INTO `wz_questreqdata` VALUES ('60169', '1001501', 'lvmin', '55', '55');
INSERT INTO `wz_questreqdata` VALUES ('60170', '1001502', 'lvmin', '55', '55');
INSERT INTO `wz_questreqdata` VALUES ('60171', '1001503', 'lvmin', '55', '55');
INSERT INTO `wz_questreqdata` VALUES ('60172', '1001504', 'lvmin', '55', '55');
INSERT INTO `wz_questreqdata` VALUES ('60173', '1000902', 'lvmin', '61', '61');
INSERT INTO `wz_questreqdata` VALUES ('60174', '1001600', 'lvmin', '60', '60');
INSERT INTO `wz_questreqdata` VALUES ('60175', '1001900', 'lvmin', '65', '65');
INSERT INTO `wz_questreqdata` VALUES ('60176', '7000000', 'lvmin', '50', '50');
INSERT INTO `wz_questreqdata` VALUES ('60177', '7000001', 'lvmin', '50', '50');
INSERT INTO `wz_questreqdata` VALUES ('60178', '7000002', 'lvmin', '50', '50');

-- ----------------------------
-- Table structure for wz_questrewarddata
-- ----------------------------
DROP TABLE IF EXISTS `wz_questrewarddata`;
CREATE TABLE `wz_questrewarddata` (
  `id` int(11) NOT NULL AUTO_INCREMENT,
  `questId` int(11) NOT NULL DEFAULT '0',
  `name` varchar(12) NOT NULL DEFAULT '0',
  `itemId` int(11) NOT NULL DEFAULT '0',
  `num` tinyint(1) NOT NULL DEFAULT '2',
  `job` int(12) NOT NULL DEFAULT '-1' COMMENT '职业要求',
  `sex` int(12) NOT NULL DEFAULT '-1' COMMENT '性别要求',
  `reward_rand` int(12) NOT NULL DEFAULT '100' COMMENT '获奖概率',
  `quest_status` varchar(12) NOT NULL,
  PRIMARY KEY (`id`)
) ENGINE=Innodb AUTO_INCREMENT=12270 DEFAULT CHARSET=utf8 ROW_FORMAT=FIXED;

-- ----------------------------
-- Records of wz_questrewarddata
-- ----------------------------
INSERT INTO `wz_questrewarddata` VALUES ('11956', '100', 'exp', '0', '55', '-1', '-1', '100', 'end');
INSERT INTO `wz_questrewarddata` VALUES ('11957', '100', 'item', '1332007', '1', '-1', '-1', '50', 'end');
INSERT INTO `wz_questrewarddata` VALUES ('11958', '100', 'item', '1332005', '1', '-1', '-1', '50', 'end');
INSERT INTO `wz_questrewarddata` VALUES ('11959', '1000100', 'exp', '0', '127', '-1', '-1', '100', 'end');
INSERT INTO `wz_questrewarddata` VALUES ('11960', '1000100', 'item', '1092000', '1', '-1', '-1', '90', 'end');
INSERT INTO `wz_questrewarddata` VALUES ('11961', '1000100', 'item', '1092001', '1', '-1', '-1', '10', 'end');
INSERT INTO `wz_questrewarddata` VALUES ('11962', '1001800', 'exp', '0', '127', '-1', '-1', '100', '1end');
INSERT INTO `wz_questrewarddata` VALUES ('11963', '1001800', 'item', '2010004', '50', '-1', '-1', '100', '1end');
INSERT INTO `wz_questrewarddata` VALUES ('11964', '1001800', 'exp', '0', '127', '-1', '-1', '100', '2end');
INSERT INTO `wz_questrewarddata` VALUES ('11965', '1001800', 'item', '2020002', '100', '-1', '-1', '100', '2end');
INSERT INTO `wz_questrewarddata` VALUES ('11966', '1001800', 'exp', '0', '127', '-1', '-1', '100', '3end');
INSERT INTO `wz_questrewarddata` VALUES ('11967', '1001800', 'item', '1082002', '1', '0', '-1', '100', '3end');
INSERT INTO `wz_questrewarddata` VALUES ('11968', '1001800', 'item', '1082004', '1', '100', '-1', '100', '3end');
INSERT INTO `wz_questrewarddata` VALUES ('11969', '1001800', 'item', '1082020', '1', '200', '-1', '100', '3end');
INSERT INTO `wz_questrewarddata` VALUES ('11970', '1001800', 'item', '1082013', '1', '300', '-1', '100', '3end');
INSERT INTO `wz_questrewarddata` VALUES ('11971', '1001800', 'item', '1082032', '1', '400', '-1', '100', '3end');
INSERT INTO `wz_questrewarddata` VALUES ('11972', '1000200', 'item', '4031005', '1', '-1', '-1', '100', 'm5');
INSERT INTO `wz_questrewarddata` VALUES ('11973', '1000200', 'item', '4031004', '1', '-1', '-1', '100', 'm6');
INSERT INTO `wz_questrewarddata` VALUES ('11974', '1000200', 'item', '4031006', '1', '-1', '-1', '100', 'm7');
INSERT INTO `wz_questrewarddata` VALUES ('11975', '1000200', 'exp', '0', '127', '-1', '-1', '100', 'end');
INSERT INTO `wz_questrewarddata` VALUES ('11976', '1000200', 'meso', '0', '127', '-1', '-1', '100', 'end');
INSERT INTO `wz_questrewarddata` VALUES ('11977', '1000200', 'item', '1002026', '1', '-1', '-1', '100', 'end');
INSERT INTO `wz_questrewarddata` VALUES ('11978', '1000800', 'exp', '0', '127', '-1', '-1', '100', 'end');
INSERT INTO `wz_questrewarddata` VALUES ('11979', '1000800', 'item', '4021000', '1', '-1', '-1', '15', 'end');
INSERT INTO `wz_questrewarddata` VALUES ('11980', '1000800', 'item', '4021001', '1', '-1', '-1', '15', 'end');
INSERT INTO `wz_questrewarddata` VALUES ('11981', '1000800', 'item', '4021002', '1', '-1', '-1', '15', 'end');
INSERT INTO `wz_questrewarddata` VALUES ('11982', '1000800', 'item', '4021003', '1', '-1', '-1', '15', 'end');
INSERT INTO `wz_questrewarddata` VALUES ('11983', '1000800', 'item', '4021004', '1', '-1', '-1', '15', 'end');
INSERT INTO `wz_questrewarddata` VALUES ('11984', '1000800', 'item', '4021005', '1', '-1', '-1', '15', 'end');
INSERT INTO `wz_questrewarddata` VALUES ('11985', '1000800', 'item', '4021006', '1', '-1', '-1', '15', 'end');
INSERT INTO `wz_questrewarddata` VALUES ('11986', '1000800', 'item', '4021007', '1', '-1', '-1', '15', 'end');
INSERT INTO `wz_questrewarddata` VALUES ('11987', '1000900', 'exp', '0', '127', '-1', '-1', '100', 'end');
INSERT INTO `wz_questrewarddata` VALUES ('11988', '1000900', 'item', '4003000', '30', '-1', '-1', '100', 'end');
INSERT INTO `wz_questrewarddata` VALUES ('11989', '1000300', 'exp', '0', '127', '-1', '-1', '100', 'end');
INSERT INTO `wz_questrewarddata` VALUES ('11990', '1000300', 'item', '2040000', '1', '-1', '-1', '33', 'end');
INSERT INTO `wz_questrewarddata` VALUES ('11991', '1000300', 'item', '2040001', '1', '-1', '-1', '33', 'end');
INSERT INTO `wz_questrewarddata` VALUES ('11992', '1000300', 'item', '2040002', '1', '-1', '-1', '34', 'end');
INSERT INTO `wz_questrewarddata` VALUES ('11993', '1001200', 'exp', '0', '127', '-1', '-1', '100', 'end');
INSERT INTO `wz_questrewarddata` VALUES ('11994', '1001200', 'pop', '0', '1', '-1', '-1', '100', 'end');
INSERT INTO `wz_questrewarddata` VALUES ('11995', '1001200', 'item', '2030000', '30', '-1', '-1', '15', 'end');
INSERT INTO `wz_questrewarddata` VALUES ('11996', '1001200', 'item', '2030001', '30', '-1', '-1', '15', 'end');
INSERT INTO `wz_questrewarddata` VALUES ('11997', '1001200', 'item', '2030002', '30', '-1', '-1', '15', 'end');
INSERT INTO `wz_questrewarddata` VALUES ('11998', '1001200', 'item', '2030003', '30', '-1', '-1', '15', 'end');
INSERT INTO `wz_questrewarddata` VALUES ('11999', '1001200', 'item', '2030004', '30', '-1', '-1', '15', 'end');
INSERT INTO `wz_questrewarddata` VALUES ('12000', '1001200', 'item', '2030005', '30', '-1', '-1', '15', 'end');
INSERT INTO `wz_questrewarddata` VALUES ('12001', '1001200', 'item', '2030006', '30', '-1', '-1', '15', 'end');
INSERT INTO `wz_questrewarddata` VALUES ('12002', '1000500', 'exp', '0', '127', '-1', '-1', '100', 't');
INSERT INTO `wz_questrewarddata` VALUES ('12003', '1000500', 'item', '4031007', '1', '-1', '-1', '100', 't');
INSERT INTO `wz_questrewarddata` VALUES ('12004', '1000500', 'exp', '0', '127', '-1', '-1', '100', 'end');
INSERT INTO `wz_questrewarddata` VALUES ('12005', '1000500', 'item', '1032004', '1', '-1', '-1', '25', 'end');
INSERT INTO `wz_questrewarddata` VALUES ('12006', '1000500', 'item', '1032005', '1', '-1', '-1', '25', 'end');
INSERT INTO `wz_questrewarddata` VALUES ('12007', '1000500', 'item', '1032006', '1', '-1', '-1', '25', 'end');
INSERT INTO `wz_questrewarddata` VALUES ('12008', '1000500', 'item', '1032007', '1', '-1', '-1', '25', 'end');
INSERT INTO `wz_questrewarddata` VALUES ('12009', '1000400', 'exp', '0', '127', '-1', '-1', '100', 'end');
INSERT INTO `wz_questrewarddata` VALUES ('12010', '1000400', 'item', '2044501', '1', '-1', '-1', '7', 'end');
INSERT INTO `wz_questrewarddata` VALUES ('12011', '1000400', 'item', '2044601', '1', '-1', '-1', '7', 'end');
INSERT INTO `wz_questrewarddata` VALUES ('12012', '1000400', 'item', '2043001', '1', '-1', '-1', '7', 'end');
INSERT INTO `wz_questrewarddata` VALUES ('12013', '1000400', 'item', '2043101', '1', '-1', '-1', '7', 'end');
INSERT INTO `wz_questrewarddata` VALUES ('12014', '1000400', 'item', '2043201', '1', '-1', '-1', '7', 'end');
INSERT INTO `wz_questrewarddata` VALUES ('12015', '1000400', 'item', '2043301', '1', '-1', '-1', '7', 'end');
INSERT INTO `wz_questrewarddata` VALUES ('12016', '1000400', 'item', '2044001', '1', '-1', '-1', '7', 'end');
INSERT INTO `wz_questrewarddata` VALUES ('12017', '1000400', 'item', '2044101', '1', '-1', '-1', '7', 'end');
INSERT INTO `wz_questrewarddata` VALUES ('12018', '1000400', 'item', '2044201', '1', '-1', '-1', '7', 'end');
INSERT INTO `wz_questrewarddata` VALUES ('12019', '1000400', 'item', '2044301', '1', '-1', '-1', '7', 'end');
INSERT INTO `wz_questrewarddata` VALUES ('12020', '1000400', 'item', '2044401', '1', '-1', '-1', '7', 'end');
INSERT INTO `wz_questrewarddata` VALUES ('12021', '1000400', 'item', '2043701', '1', '-1', '-1', '7', 'end');
INSERT INTO `wz_questrewarddata` VALUES ('12022', '1000400', 'item', '2043801', '1', '-1', '-1', '7', 'end');
INSERT INTO `wz_questrewarddata` VALUES ('12023', '1000400', 'item', '2044701', '1', '-1', '-1', '7', 'end');
INSERT INTO `wz_questrewarddata` VALUES ('12024', '1001000', 'exp', '0', '127', '-1', '-1', '100', 'end');
INSERT INTO `wz_questrewarddata` VALUES ('12025', '1001000', 'item', '4003002', '1', '-1', '-1', '50', 'end');
INSERT INTO `wz_questrewarddata` VALUES ('12026', '1001000', 'item', '4003003', '1', '-1', '-1', '50', 'end');
INSERT INTO `wz_questrewarddata` VALUES ('12027', '1000700', 'exp', '0', '127', '-1', '-1', '100', '1_00');
INSERT INTO `wz_questrewarddata` VALUES ('12028', '1000700', 'pop', '0', '1', '-1', '-1', '100', '1_00');
INSERT INTO `wz_questrewarddata` VALUES ('12029', '1000700', 'item', '2040504', '1', '-1', '-1', '50', '1_00');
INSERT INTO `wz_questrewarddata` VALUES ('12030', '1000700', 'item', '2040505', '1', '-1', '-1', '50', '1_00');
INSERT INTO `wz_questrewarddata` VALUES ('12031', '1001801', 'exp', '0', '127', '-1', '2', '100', '1end');
INSERT INTO `wz_questrewarddata` VALUES ('12032', '1001801', 'item', '2000002', '100', '-1', '2', '100', '1end');
INSERT INTO `wz_questrewarddata` VALUES ('12033', '1001801', 'exp', '0', '127', '-1', '2', '100', '2end');
INSERT INTO `wz_questrewarddata` VALUES ('12034', '1001801', 'item', '4011000', '1', '-1', '2', '100', '2end');
INSERT INTO `wz_questrewarddata` VALUES ('12035', '1001801', 'item', '4011001', '1', '-1', '2', '100', '2end');
INSERT INTO `wz_questrewarddata` VALUES ('12036', '1001801', 'exp', '0', '127', '-1', '-1', '100', '3end');
INSERT INTO `wz_questrewarddata` VALUES ('12037', '1001801', 'item', '1072018', '1', '0', '-1', '100', '3end');
INSERT INTO `wz_questrewarddata` VALUES ('12038', '1001801', 'item', '1072003', '1', '100', '-1', '100', '3end');
INSERT INTO `wz_questrewarddata` VALUES ('12039', '1001801', 'item', '1072077', '1', '200', '-1', '100', '3end');
INSERT INTO `wz_questrewarddata` VALUES ('12040', '1001801', 'item', '1072081', '1', '300', '-1', '100', '3end');
INSERT INTO `wz_questrewarddata` VALUES ('12041', '1001801', 'item', '1072035', '1', '400', '-1', '100', '3end');
INSERT INTO `wz_questrewarddata` VALUES ('12042', '1000600', 'exp', '0', '127', '-1', '-1', '100', '3');
INSERT INTO `wz_questrewarddata` VALUES ('12043', '1000600', 'item', '4031014', '1', '-1', '-1', '100', '3');
INSERT INTO `wz_questrewarddata` VALUES ('12044', '1000600', 'exp', '0', '127', '-1', '-1', '100', '3');
INSERT INTO `wz_questrewarddata` VALUES ('12045', '1000600', 'item', '4031015', '1', '-1', '-1', '100', '3');
INSERT INTO `wz_questrewarddata` VALUES ('12046', '1000600', 'exp', '0', '127', '-1', '-1', '100', '4');
INSERT INTO `wz_questrewarddata` VALUES ('12047', '1000600', 'item', '4031016', '1', '-1', '-1', '100', '4');
INSERT INTO `wz_questrewarddata` VALUES ('12048', '1000600', 'exp', '0', '127', '-1', '-1', '100', 'e');
INSERT INTO `wz_questrewarddata` VALUES ('12049', '1000600', 'meso', '0', '127', '-1', '2', '100', 'e');
INSERT INTO `wz_questrewarddata` VALUES ('12050', '1000600', 'item', '1050018', '1', '-1', '0', '100', 'e');
INSERT INTO `wz_questrewarddata` VALUES ('12051', '1000600', 'item', '1051017', '1', '-1', '1', '100', 'e');
INSERT INTO `wz_questrewarddata` VALUES ('12052', '1000101', 'exp', '0', '127', '-1', '-1', '100', 'pe');
INSERT INTO `wz_questrewarddata` VALUES ('12053', '1000101', 'meso', '0', '127', '-1', '-1', '100', 'pe');
INSERT INTO `wz_questrewarddata` VALUES ('12054', '1000101', 'pop', '0', '2', '-1', '-1', '100', 'pe');
INSERT INTO `wz_questrewarddata` VALUES ('12055', '1000101', 'item', '2044002', '1', '100', '-1', '15', 'pe');
INSERT INTO `wz_questrewarddata` VALUES ('12056', '1000101', 'item', '2043002', '1', '100', '-1', '15', 'pe');
INSERT INTO `wz_questrewarddata` VALUES ('12057', '1000101', 'item', '2043102', '1', '100', '-1', '15', 'pe');
INSERT INTO `wz_questrewarddata` VALUES ('12058', '1000101', 'item', '2043202', '1', '100', '-1', '15', 'pe');
INSERT INTO `wz_questrewarddata` VALUES ('12059', '1000101', 'item', '2044102', '1', '100', '-1', '15', 'pe');
INSERT INTO `wz_questrewarddata` VALUES ('12060', '1000101', 'item', '2044202', '1', '100', '-1', '15', 'pe');
INSERT INTO `wz_questrewarddata` VALUES ('12061', '1000101', 'item', '2044302', '1', '100', '-1', '15', 'pe');
INSERT INTO `wz_questrewarddata` VALUES ('12062', '1000101', 'item', '2044402', '1', '100', '-1', '15', 'pe');
INSERT INTO `wz_questrewarddata` VALUES ('12063', '1000101', 'item', '2043702', '1', '200', '-1', '50', 'pe');
INSERT INTO `wz_questrewarddata` VALUES ('12064', '1000101', 'item', '2043802', '1', '200', '-1', '50', 'pe');
INSERT INTO `wz_questrewarddata` VALUES ('12065', '1000101', 'item', '2044502', '1', '300', '-1', '50', 'pe');
INSERT INTO `wz_questrewarddata` VALUES ('12066', '1000101', 'item', '2044602', '1', '300', '-1', '50', 'pe');
INSERT INTO `wz_questrewarddata` VALUES ('12067', '1000101', 'item', '2043302', '1', '400', '-1', '50', 'pe');
INSERT INTO `wz_questrewarddata` VALUES ('12068', '1000101', 'item', '2044702', '1', '400', '-1', '50', 'pe');
INSERT INTO `wz_questrewarddata` VALUES ('12069', '1000901', 'exp', '0', '127', '-1', '-1', '100', 'end');
INSERT INTO `wz_questrewarddata` VALUES ('12070', '1000901', 'item', '1082002', '1', '0', '-1', '100', 'end');
INSERT INTO `wz_questrewarddata` VALUES ('12071', '1000901', 'item', '1082036', '1', '100', '-1', '100', 'end');
INSERT INTO `wz_questrewarddata` VALUES ('12072', '1000901', 'item', '1082056', '1', '200', '-1', '100', 'end');
INSERT INTO `wz_questrewarddata` VALUES ('12073', '1000901', 'item', '1082070', '1', '300', '-1', '100', 'end');
INSERT INTO `wz_questrewarddata` VALUES ('12074', '1000901', 'item', '1082045', '1', '400', '-1', '100', 'end');
INSERT INTO `wz_questrewarddata` VALUES ('12075', '1001201', 'exp', '0', '127', '-1', '-1', '100', 'end');
INSERT INTO `wz_questrewarddata` VALUES ('12076', '1001201', 'pop', '0', '1', '-1', '-1', '100', 'end');
INSERT INTO `wz_questrewarddata` VALUES ('12077', '1001201', 'item', '2000006', '1', '-1', '-1', '100', 'end');
INSERT INTO `wz_questrewarddata` VALUES ('12078', '1000601', 'exp', '0', '127', '-1', '-1', '100', 'r1');
INSERT INTO `wz_questrewarddata` VALUES ('12079', '1000601', 'pop', '0', '1', '-1', '-1', '100', 'r1');
INSERT INTO `wz_questrewarddata` VALUES ('12080', '1000601', 'item', '4010000', '7', '-1', '-1', '15', 'r1');
INSERT INTO `wz_questrewarddata` VALUES ('12081', '1000601', 'item', '4010001', '7', '-1', '-1', '15', 'r1');
INSERT INTO `wz_questrewarddata` VALUES ('12082', '1000601', 'item', '4010002', '7', '-1', '-1', '15', 'r1');
INSERT INTO `wz_questrewarddata` VALUES ('12083', '1000601', 'item', '4010003', '7', '-1', '-1', '15', 'r1');
INSERT INTO `wz_questrewarddata` VALUES ('12084', '1000601', 'item', '4010004', '7', '-1', '-1', '15', 'r1');
INSERT INTO `wz_questrewarddata` VALUES ('12085', '1000601', 'item', '4010005', '7', '-1', '-1', '15', 'r1');
INSERT INTO `wz_questrewarddata` VALUES ('12086', '1000601', 'exp', '0', '127', '-1', '-1', '100', 'r3');
INSERT INTO `wz_questrewarddata` VALUES ('12087', '1000601', 'pop', '0', '1', '-1', '-1', '100', 'r3');
INSERT INTO `wz_questrewarddata` VALUES ('12088', '1000601', 'item', '4020000', '10', '-1', '-1', '14', 'r3');
INSERT INTO `wz_questrewarddata` VALUES ('12089', '1000601', 'item', '4020001', '10', '-1', '-1', '14', 'r3');
INSERT INTO `wz_questrewarddata` VALUES ('12090', '1000601', 'item', '4020002', '10', '-1', '-1', '14', 'r3');
INSERT INTO `wz_questrewarddata` VALUES ('12091', '1000601', 'item', '4020003', '10', '-1', '-1', '14', 'r3');
INSERT INTO `wz_questrewarddata` VALUES ('12092', '1000601', 'item', '4020004', '10', '-1', '-1', '14', 'r3');
INSERT INTO `wz_questrewarddata` VALUES ('12093', '1000601', 'item', '4020005', '10', '-1', '-1', '14', 'r3');
INSERT INTO `wz_questrewarddata` VALUES ('12094', '1000601', 'item', '4020006', '10', '-1', '-1', '14', 'r3');
INSERT INTO `wz_questrewarddata` VALUES ('12095', '1000601', 'exp', '0', '127', '-1', '-1', '100', 'r5');
INSERT INTO `wz_questrewarddata` VALUES ('12096', '1000601', 'pop', '0', '2', '-1', '-1', '100', 'r5');
INSERT INTO `wz_questrewarddata` VALUES ('12097', '1000601', 'item', '4010006', '5', '-1', '-1', '50', 'r5');
INSERT INTO `wz_questrewarddata` VALUES ('12098', '1000601', 'item', '4020007', '5', '-1', '-1', '50', 'r5');
INSERT INTO `wz_questrewarddata` VALUES ('12099', '1000601', 'exp', '0', '127', '-1', '-1', '100', 'r7');
INSERT INTO `wz_questrewarddata` VALUES ('12100', '1000601', 'pop', '0', '2', '-1', '-1', '100', 'r7');
INSERT INTO `wz_questrewarddata` VALUES ('12101', '1000601', 'item', '2040801', '1', '-1', '-1', '50', 'r7');
INSERT INTO `wz_questrewarddata` VALUES ('12102', '1000601', 'item', '2040802', '1', '-1', '-1', '50', 'r7');
INSERT INTO `wz_questrewarddata` VALUES ('12103', '1000601', 'exp', '0', '127', '-1', '-1', '100', 're');
INSERT INTO `wz_questrewarddata` VALUES ('12104', '1000601', 'pop', '0', '3', '-1', '-1', '100', 're');
INSERT INTO `wz_questrewarddata` VALUES ('12105', '1000601', 'item', '1002021', '1', '100', '-1', '100', 're');
INSERT INTO `wz_questrewarddata` VALUES ('12106', '1000601', 'item', '1002154', '1', '200', '-1', '100', 're');
INSERT INTO `wz_questrewarddata` VALUES ('12107', '1000601', 'item', '1002170', '1', '300', '-1', '100', 're');
INSERT INTO `wz_questrewarddata` VALUES ('12108', '1000601', 'item', '1002185', '1', '400', '-1', '100', 're');
INSERT INTO `wz_questrewarddata` VALUES ('12109', '1000401', 'exp', '0', '127', '-1', '-1', '100', 'j1');
INSERT INTO `wz_questrewarddata` VALUES ('12110', '1000401', 'item', '2000004', '10', '-1', '-1', '100', 'j1');
INSERT INTO `wz_questrewarddata` VALUES ('12111', '1000401', 'exp', '0', '127', '-1', '-1', '100', 'j3');
INSERT INTO `wz_questrewarddata` VALUES ('12112', '1000401', 'item', '2000005', '15', '-1', '-1', '100', 'j3');
INSERT INTO `wz_questrewarddata` VALUES ('12113', '1000401', 'exp', '0', '127', '-1', '-1', '100', 'je');
INSERT INTO `wz_questrewarddata` VALUES ('12114', '1000401', 'item', '2040804', '1', '-1', '-1', '50', 'je');
INSERT INTO `wz_questrewarddata` VALUES ('12115', '1000401', 'item', '2040805', '1', '-1', '-1', '50', 'je');
INSERT INTO `wz_questrewarddata` VALUES ('12116', '1001202', 'exp', '0', '127', '-1', '-1', '100', 'end');
INSERT INTO `wz_questrewarddata` VALUES ('12117', '1001202', 'pop', '0', '1', '-1', '-1', '100', 'end');
INSERT INTO `wz_questrewarddata` VALUES ('12118', '1001202', 'item', '2000004', '30', '-1', '-1', '100', 'end');
INSERT INTO `wz_questrewarddata` VALUES ('12119', '1001202', 'item', '2040706', '1', '-1', '-1', '33', 'end');
INSERT INTO `wz_questrewarddata` VALUES ('12120', '1001202', 'item', '2040707', '1', '-1', '-1', '33', 'end');
INSERT INTO `wz_questrewarddata` VALUES ('12121', '1001202', 'item', '2040708', '1', '-1', '-1', '33', 'end');
INSERT INTO `wz_questrewarddata` VALUES ('12122', '1001400', 'exp', '0', '127', '-1', '-1', '100', '1');
INSERT INTO `wz_questrewarddata` VALUES ('12123', '1001400', 'item', '4031049', '1', '-1', '-1', '100', '1');
INSERT INTO `wz_questrewarddata` VALUES ('12124', '1001400', 'exp', '0', '127', '-1', '-1', '100', '10');
INSERT INTO `wz_questrewarddata` VALUES ('12125', '1001400', 'item', '4031049', '1', '-1', '-1', '100', '10');
INSERT INTO `wz_questrewarddata` VALUES ('12126', '1001400', 'exp', '0', '127', '-1', '-1', '100', '100');
INSERT INTO `wz_questrewarddata` VALUES ('12127', '1001400', 'item', '4031049', '1', '-1', '-1', '100', '100');
INSERT INTO `wz_questrewarddata` VALUES ('12128', '1001400', 'exp', '0', '127', '-1', '-1', '100', '21');
INSERT INTO `wz_questrewarddata` VALUES ('12129', '1001400', 'item', '4031049', '1', '-1', '-1', '100', '21');
INSERT INTO `wz_questrewarddata` VALUES ('12130', '1001400', 'exp', '0', '127', '-1', '-1', '100', '201');
INSERT INTO `wz_questrewarddata` VALUES ('12131', '1001400', 'item', '4031049', '1', '-1', '-1', '100', '201');
INSERT INTO `wz_questrewarddata` VALUES ('12132', '1001400', 'exp', '0', '127', '-1', '-1', '100', '12');
INSERT INTO `wz_questrewarddata` VALUES ('12133', '1001400', 'item', '4031049', '1', '-1', '-1', '100', '12');
INSERT INTO `wz_questrewarddata` VALUES ('12134', '1001400', 'exp', '0', '127', '-1', '-1', '100', '210');
INSERT INTO `wz_questrewarddata` VALUES ('12135', '1001400', 'item', '4031049', '1', '-1', '-1', '100', '210');
INSERT INTO `wz_questrewarddata` VALUES ('12136', '1001400', 'exp', '0', '127', '-1', '-1', '100', '102');
INSERT INTO `wz_questrewarddata` VALUES ('12137', '1001400', 'item', '4031049', '1', '-1', '-1', '100', '102');
INSERT INTO `wz_questrewarddata` VALUES ('12138', '1001400', 'exp', '0', '127', '-1', '-1', '100', '120');
INSERT INTO `wz_questrewarddata` VALUES ('12139', '1001400', 'item', '4031049', '1', '-1', '-1', '100', '120');
INSERT INTO `wz_questrewarddata` VALUES ('12140', '1001400', 'exp', '0', '127', '-1', '-1', '100', '321');
INSERT INTO `wz_questrewarddata` VALUES ('12141', '1001400', 'item', '4031049', '1', '-1', '-1', '100', '321');
INSERT INTO `wz_questrewarddata` VALUES ('12142', '1001400', 'exp', '0', '127', '-1', '-1', '100', '231');
INSERT INTO `wz_questrewarddata` VALUES ('12143', '1001400', 'item', '4031049', '1', '-1', '-1', '100', '231');
INSERT INTO `wz_questrewarddata` VALUES ('12144', '1001400', 'exp', '0', '127', '-1', '-1', '100', '312');
INSERT INTO `wz_questrewarddata` VALUES ('12145', '1001400', 'item', '4031049', '1', '-1', '-1', '100', '312');
INSERT INTO `wz_questrewarddata` VALUES ('12146', '1001400', 'exp', '0', '127', '-1', '-1', '100', '213');
INSERT INTO `wz_questrewarddata` VALUES ('12147', '1001400', 'item', '4031049', '1', '-1', '-1', '100', '213');
INSERT INTO `wz_questrewarddata` VALUES ('12148', '1001400', 'exp', '0', '127', '-1', '-1', '100', '132');
INSERT INTO `wz_questrewarddata` VALUES ('12149', '1001400', 'item', '4031049', '1', '-1', '-1', '100', '132');
INSERT INTO `wz_questrewarddata` VALUES ('12150', '1001400', 'exp', '0', '127', '-1', '-1', '100', '123');
INSERT INTO `wz_questrewarddata` VALUES ('12151', '1001400', 'item', '4031049', '1', '-1', '-1', '100', '123');
INSERT INTO `wz_questrewarddata` VALUES ('12152', '1001400', 'exp', '0', '127', '-1', '-1', '100', 'end1');
INSERT INTO `wz_questrewarddata` VALUES ('12153', '1001400', 'pop', '0', '1', '-1', '-1', '100', 'end1');
INSERT INTO `wz_questrewarddata` VALUES ('12154', '1001400', 'item', '2040704', '1', '-1', '-1', '25', 'end1');
INSERT INTO `wz_questrewarddata` VALUES ('12155', '1001400', 'item', '2040705', '1', '-1', '-1', '25', 'end1');
INSERT INTO `wz_questrewarddata` VALUES ('12156', '1001400', 'item', '2040707', '1', '-1', '-1', '25', 'end1');
INSERT INTO `wz_questrewarddata` VALUES ('12157', '1001400', 'item', '2040708', '1', '-1', '-1', '25', 'end1');
INSERT INTO `wz_questrewarddata` VALUES ('12158', '1001400', 'exp', '0', '127', '-1', '-1', '100', 'end2');
INSERT INTO `wz_questrewarddata` VALUES ('12159', '1001400', 'pop', '0', '1', '-1', '-1', '100', 'end2');
INSERT INTO `wz_questrewarddata` VALUES ('12160', '1001400', 'item', '2040704', '1', '-1', '-1', '25', 'end2');
INSERT INTO `wz_questrewarddata` VALUES ('12161', '1001400', 'item', '2040705', '1', '-1', '-1', '25', 'end2');
INSERT INTO `wz_questrewarddata` VALUES ('12162', '1001400', 'item', '2040707', '1', '-1', '-1', '25', 'end2');
INSERT INTO `wz_questrewarddata` VALUES ('12163', '1001400', 'item', '2040708', '1', '-1', '-1', '25', 'end2');
INSERT INTO `wz_questrewarddata` VALUES ('12164', '1000201', 'exp', '0', '127', '-1', '-1', '100', 'mh');
INSERT INTO `wz_questrewarddata` VALUES ('12165', '1000201', 'item', '1302015', '1', '-1', '-1', '100', 'mh');
INSERT INTO `wz_questrewarddata` VALUES ('12166', '1000201', 'exp', '0', '127', '-1', '-1', '100', 'yes');
INSERT INTO `wz_questrewarddata` VALUES ('12167', '1000201', 'exp', '0', '127', '-1', '-1', '100', 'no');
INSERT INTO `wz_questrewarddata` VALUES ('12168', '1000201', 'item', '1032012', '1', '-1', '-1', '100', 'no');
INSERT INTO `wz_questrewarddata` VALUES ('12169', '1000701', 'exp', '0', '127', '-1', '-1', '100', '2_00');
INSERT INTO `wz_questrewarddata` VALUES ('12170', '1000701', 'pop', '0', '2', '-1', '-1', '100', '2_00');
INSERT INTO `wz_questrewarddata` VALUES ('12171', '1000701', 'item', '4021009', '1', '-1', '-1', '100', '2_00');
INSERT INTO `wz_questrewarddata` VALUES ('12172', '1000701', 'exp', '0', '127', '-1', '-1', '100', '2_99');
INSERT INTO `wz_questrewarddata` VALUES ('12173', '1000701', 'pop', '0', '2', '-1', '-1', '100', '2_99');
INSERT INTO `wz_questrewarddata` VALUES ('12174', '1000701', 'item', '2000004', '50', '-1', '-1', '100', '2_99');
INSERT INTO `wz_questrewarddata` VALUES ('12175', '1000801', 'exp', '0', '127', '-1', '-1', '100', 'end');
INSERT INTO `wz_questrewarddata` VALUES ('12176', '1000801', 'item', '1002100', '1', '-1', '-1', '100', 'end');
INSERT INTO `wz_questrewarddata` VALUES ('12177', '1000301', 'exp', '0', '127', '-1', '-1', '100', 'p');
INSERT INTO `wz_questrewarddata` VALUES ('12178', '1000301', 'item', '4031043', '1', '-1', '-1', '100', 'p');
INSERT INTO `wz_questrewarddata` VALUES ('12179', '1000301', 'exp', '0', '127', '-1', '-1', '100', 'end');
INSERT INTO `wz_questrewarddata` VALUES ('12180', '1000301', 'item', '1040100', '1', '-1', '0', '100', 'end');
INSERT INTO `wz_questrewarddata` VALUES ('12181', '1000301', 'item', '1060089', '1', '-1', '0', '100', 'end');
INSERT INTO `wz_questrewarddata` VALUES ('12182', '1000301', 'item', '1041096', '1', '-1', '1', '100', 'end');
INSERT INTO `wz_questrewarddata` VALUES ('12183', '1000301', 'item', '1061095', '1', '-1', '1', '100', 'end');
INSERT INTO `wz_questrewarddata` VALUES ('12184', '1000602', 'exp', '0', '127', '-1', '-1', '100', '1e');
INSERT INTO `wz_questrewarddata` VALUES ('12185', '1000602', 'exp', '0', '127', '-1', '-1', '100', '2e');
INSERT INTO `wz_questrewarddata` VALUES ('12186', '1000602', 'exp', '0', '127', '-1', '-1', '100', '3e');
INSERT INTO `wz_questrewarddata` VALUES ('12187', '1000602', 'exp', '0', '127', '-1', '-1', '100', 'end');
INSERT INTO `wz_questrewarddata` VALUES ('12188', '1000602', 'exp', '0', '127', '-1', '-1', '100', 'end');
INSERT INTO `wz_questrewarddata` VALUES ('12189', '1000602', 'item', '1072136', '1', '-1', '-1', '25', 'end');
INSERT INTO `wz_questrewarddata` VALUES ('12190', '1000602', 'item', '1072137', '1', '-1', '-1', '25', 'end');
INSERT INTO `wz_questrewarddata` VALUES ('12191', '1000602', 'item', '1072138', '1', '-1', '-1', '25', 'end');
INSERT INTO `wz_questrewarddata` VALUES ('12192', '1000602', 'item', '1072139', '1', '-1', '-1', '25', 'end');
INSERT INTO `wz_questrewarddata` VALUES ('12193', '1000202', 'exp', '0', '127', '-1', '-1', '100', '1e');
INSERT INTO `wz_questrewarddata` VALUES ('12194', '1000202', 'exp', '0', '127', '-1', '-1', '100', '2e');
INSERT INTO `wz_questrewarddata` VALUES ('12195', '1000202', 'exp', '0', '127', '-1', '-1', '100', '3e');
INSERT INTO `wz_questrewarddata` VALUES ('12196', '1000202', 'exp', '0', '127', '-1', '-1', '100', 'end');
INSERT INTO `wz_questrewarddata` VALUES ('12197', '1000202', 'item', '1072144', '1', '-1', '-1', '33', 'end');
INSERT INTO `wz_questrewarddata` VALUES ('12198', '1000202', 'item', '1072145', '1', '-1', '-1', '33', 'end');
INSERT INTO `wz_questrewarddata` VALUES ('12199', '1000202', 'item', '1072146', '1', '-1', '-1', '33', 'end');
INSERT INTO `wz_questrewarddata` VALUES ('12200', '1002000', 'exp', '0', '127', '-1', '-1', '100', 'end');
INSERT INTO `wz_questrewarddata` VALUES ('12201', '1002000', 'item', '4001019', '5', '-1', '-1', '100', 'end');
INSERT INTO `wz_questrewarddata` VALUES ('12202', '1001500', 'item', '4031053', '1', '-1', '-1', '100', 'ks');
INSERT INTO `wz_questrewarddata` VALUES ('12203', '1001500', 'exp', '0', '127', '-1', '-1', '100', 'ks');
INSERT INTO `wz_questrewarddata` VALUES ('12204', '1001500', 'exp', '0', '127', '-1', '-1', '100', 'fe');
INSERT INTO `wz_questrewarddata` VALUES ('12205', '1001500', 'exp', '0', '127', '-1', '-1', '100', 'mw');
INSERT INTO `wz_questrewarddata` VALUES ('12206', '1001500', 'exp', '0', '127', '-1', '-1', '100', 'mg');
INSERT INTO `wz_questrewarddata` VALUES ('12207', '1001500', 'item', '4031055', '1', '-1', '-1', '100', 'mg');
INSERT INTO `wz_questrewarddata` VALUES ('12208', '1001500', 'exp', '0', '127', '-1', '-1', '100', 'me');
INSERT INTO `wz_questrewarddata` VALUES ('12209', '1001500', 'exp', '0', '127', '-1', '-1', '100', 'fb');
INSERT INTO `wz_questrewarddata` VALUES ('12210', '1001500', 'exp', '0', '127', '-1', '-1', '100', 'end');
INSERT INTO `wz_questrewarddata` VALUES ('12211', '1001500', 'item', '1102011', '1', '-1', '-1', '25', 'end');
INSERT INTO `wz_questrewarddata` VALUES ('12212', '1001500', 'item', '1102012', '1', '-1', '-1', '25', 'end');
INSERT INTO `wz_questrewarddata` VALUES ('12213', '1001500', 'item', '1102013', '1', '-1', '-1', '25', 'end');
INSERT INTO `wz_questrewarddata` VALUES ('12214', '1001500', 'item', '1102014', '1', '-1', '-1', '25', 'end');
INSERT INTO `wz_questrewarddata` VALUES ('12215', '1001501', 'exp', '0', '127', '-1', '-1', '100', 'h2');
INSERT INTO `wz_questrewarddata` VALUES ('12216', '1001501', 'exp', '0', '127', '-1', '-1', '100', 'h3');
INSERT INTO `wz_questrewarddata` VALUES ('12217', '1001501', 'exp', '0', '127', '-1', '-1', '100', 'h4');
INSERT INTO `wz_questrewarddata` VALUES ('12218', '1001501', 'exp', '0', '127', '-1', '-1', '100', 'h5');
INSERT INTO `wz_questrewarddata` VALUES ('12219', '1001501', 'item', '4031052', '1', '-1', '-1', '100', 'h6');
INSERT INTO `wz_questrewarddata` VALUES ('12220', '1001501', 'exp', '0', '127', '-1', '-1', '100', 'end');
INSERT INTO `wz_questrewarddata` VALUES ('12221', '1001501', 'item', '2040701', '1', '-1', '-1', '25', 'end');
INSERT INTO `wz_questrewarddata` VALUES ('12222', '1001501', 'item', '2040702', '1', '-1', '-1', '25', 'end');
INSERT INTO `wz_questrewarddata` VALUES ('12223', '1001501', 'item', '2040707', '1', '-1', '-1', '25', 'end');
INSERT INTO `wz_questrewarddata` VALUES ('12224', '1001501', 'item', '2040708', '1', '-1', '-1', '25', 'end');
INSERT INTO `wz_questrewarddata` VALUES ('12225', '1001502', 'exp', '0', '127', '-1', '-1', '100', 's');
INSERT INTO `wz_questrewarddata` VALUES ('12226', '1001502', 'exp', '0', '127', '-1', '-1', '100', 's1');
INSERT INTO `wz_questrewarddata` VALUES ('12227', '1001502', 'item', '4031050', '1', '-1', '-1', '100', 's2');
INSERT INTO `wz_questrewarddata` VALUES ('12228', '1001502', 'exp', '0', '127', '-1', '-1', '100', 's3');
INSERT INTO `wz_questrewarddata` VALUES ('12229', '1001502', 'exp', '0', '127', '-1', '-1', '100', 's4');
INSERT INTO `wz_questrewarddata` VALUES ('12230', '1001502', 'exp', '0', '127', '-1', '-1', '100', 's5');
INSERT INTO `wz_questrewarddata` VALUES ('12231', '1001502', 'exp', '0', '127', '-1', '-1', '100', 's6');
INSERT INTO `wz_questrewarddata` VALUES ('12232', '1001502', 'item', '4031051', '1', '-1', '-1', '100', 's6');
INSERT INTO `wz_questrewarddata` VALUES ('12233', '1001502', 'exp', '0', '127', '-1', '-1', '100', 'end');
INSERT INTO `wz_questrewarddata` VALUES ('12234', '1001502', 'item', '2041001', '1', '-1', '-1', '25', 'end');
INSERT INTO `wz_questrewarddata` VALUES ('12235', '1001502', 'item', '2041002', '1', '-1', '-1', '25', 'end');
INSERT INTO `wz_questrewarddata` VALUES ('12236', '1001502', 'item', '2041004', '1', '-1', '-1', '25', 'end');
INSERT INTO `wz_questrewarddata` VALUES ('12237', '1001502', 'item', '2041005', '1', '-1', '-1', '25', 'end');
INSERT INTO `wz_questrewarddata` VALUES ('12238', '1001503', 'exp', '0', '127', '-1', '-1', '100', 'k1');
INSERT INTO `wz_questrewarddata` VALUES ('12239', '1001503', 'exp', '0', '127', '-1', '-1', '100', 'end');
INSERT INTO `wz_questrewarddata` VALUES ('12240', '1001503', 'item', '2000004', '30', '-1', '-1', '100', 'end');
INSERT INTO `wz_questrewarddata` VALUES ('12241', '1001503', 'item', '4031053', '1', '-1', '-1', '100', 'end');
INSERT INTO `wz_questrewarddata` VALUES ('12242', '1001504', 'exp', '0', '127', '-1', '-1', '100', 's');
INSERT INTO `wz_questrewarddata` VALUES ('12243', '1001504', 'exp', '0', '127', '-1', '-1', '100', 'f1');
INSERT INTO `wz_questrewarddata` VALUES ('12244', '1001504', 'item', '4031054', '1', '-1', '-1', '100', 'f1');
INSERT INTO `wz_questrewarddata` VALUES ('12245', '1001504', 'exp', '0', '127', '-1', '-1', '100', 'f2');
INSERT INTO `wz_questrewarddata` VALUES ('12246', '1001504', 'exp', '0', '127', '-1', '-1', '100', 'f3');
INSERT INTO `wz_questrewarddata` VALUES ('12247', '1001504', 'item', '4031054', '1', '-1', '-1', '100', 'f3');
INSERT INTO `wz_questrewarddata` VALUES ('12248', '1001504', 'exp', '0', '127', '-1', '-1', '100', 'f4');
INSERT INTO `wz_questrewarddata` VALUES ('12249', '1001504', 'exp', '0', '127', '-1', '-1', '100', 'f5');
INSERT INTO `wz_questrewarddata` VALUES ('12250', '1001504', 'item', '4031054', '1', '-1', '-1', '100', 'f5');
INSERT INTO `wz_questrewarddata` VALUES ('12251', '1001504', 'exp', '0', '127', '-1', '-1', '100', 'f6');
INSERT INTO `wz_questrewarddata` VALUES ('12252', '1001504', 'exp', '0', '127', '-1', '-1', '100', 'end');
INSERT INTO `wz_questrewarddata` VALUES ('12253', '1001504', 'item', '4031054', '1', '-1', '-1', '100', 'end');
INSERT INTO `wz_questrewarddata` VALUES ('12254', '1000902', 'exp', '0', '127', '-1', '-1', '100', 'end');
INSERT INTO `wz_questrewarddata` VALUES ('12255', '1000902', 'item', '1032014', '1', '-1', '-1', '100', 'end');
INSERT INTO `wz_questrewarddata` VALUES ('12256', '1001600', 'exp', '0', '127', '-1', '-1', '100', 'end');
INSERT INTO `wz_questrewarddata` VALUES ('12257', '1001600', 'item', '1102015', '1', '-1', '-1', '25', 'end');
INSERT INTO `wz_questrewarddata` VALUES ('12258', '1001600', 'item', '1102016', '1', '-1', '-1', '25', 'end');
INSERT INTO `wz_questrewarddata` VALUES ('12259', '1001600', 'item', '1102017', '1', '-1', '-1', '25', 'end');
INSERT INTO `wz_questrewarddata` VALUES ('12260', '1001600', 'item', '1102018', '1', '-1', '-1', '25', 'end');
INSERT INTO `wz_questrewarddata` VALUES ('12261', '1001900', 'exp', '0', '127', '-1', '-1', '100', 'g');
INSERT INTO `wz_questrewarddata` VALUES ('12262', '1001900', 'exp', '0', '127', '-1', '-1', '100', 'end');
INSERT INTO `wz_questrewarddata` VALUES ('12263', '1001900', 'item', '1102021', '1', '-1', '-1', '100', 'end');
INSERT INTO `wz_questrewarddata` VALUES ('12264', '1001900', 'item', '1102022', '1', '-1', '-1', '100', 'end');
INSERT INTO `wz_questrewarddata` VALUES ('12265', '1001900', 'item', '1102023', '1', '-1', '-1', '100', 'end');
INSERT INTO `wz_questrewarddata` VALUES ('12266', '1001900', 'item', '1102024', '1', '-1', '-1', '100', 'end');
INSERT INTO `wz_questrewarddata` VALUES ('12267', '7000000', 'item', '4001018', '1', '-1', '-1', '100', 'end');
INSERT INTO `wz_questrewarddata` VALUES ('12268', '7000001', 'item', '4031062', '1', '-1', '-1', '100', 'end');
INSERT INTO `wz_questrewarddata` VALUES ('12269', '7000002', 'item', '4001017', '1', '-1', '-1', '100', 'end');

-- ----------------------------
-- Table structure for wz_queststatus
-- ----------------------------
DROP TABLE IF EXISTS `wz_queststatus`;
CREATE TABLE `wz_queststatus` (
  `id` int(11) NOT NULL AUTO_INCREMENT,
  `questid` int(11) NOT NULL,
  `cur_status` varchar(1024) NOT NULL,
  `next_status` varchar(16) DEFAULT NULL,
  PRIMARY KEY (`id`)
) ENGINE=Innodb AUTO_INCREMENT=312 DEFAULT CHARSET=utf8 ROW_FORMAT=DYNAMIC;

-- ----------------------------
-- Records of wz_queststatus
-- ----------------------------
INSERT INTO `wz_queststatus` VALUES ('7', '100', 'f', 'end');
INSERT INTO `wz_queststatus` VALUES ('8', '1001100', 's', 'end');
INSERT INTO `wz_queststatus` VALUES ('9', '1000100', 'w', 'end');
INSERT INTO `wz_queststatus` VALUES ('10', '1001800', '1s', '1end');
INSERT INTO `wz_queststatus` VALUES ('11', '1001800', '1end', '2s');
INSERT INTO `wz_queststatus` VALUES ('12', '1001800', '2s', '2end');
INSERT INTO `wz_queststatus` VALUES ('13', '1001800', '2end', '3s');
INSERT INTO `wz_queststatus` VALUES ('14', '1001800', '3s', '3end');
INSERT INTO `wz_queststatus` VALUES ('15', '1000200', 'm1', 'm2');
INSERT INTO `wz_queststatus` VALUES ('16', '1000200', 'm2', 'm3');
INSERT INTO `wz_queststatus` VALUES ('17', '1000200', 'm3', 'm4');
INSERT INTO `wz_queststatus` VALUES ('18', '1000200', 'm4', 'm5');
INSERT INTO `wz_queststatus` VALUES ('19', '1000200', 'm5', 'm6');
INSERT INTO `wz_queststatus` VALUES ('20', '1000200', 'm6', 'm7');
INSERT INTO `wz_queststatus` VALUES ('21', '1000200', 'm7', 'end');
INSERT INTO `wz_queststatus` VALUES ('22', '1000800', 's', 'end');
INSERT INTO `wz_queststatus` VALUES ('23', '1000900', '10', '9');
INSERT INTO `wz_queststatus` VALUES ('24', '1000900', '9', 'end');
INSERT INTO `wz_queststatus` VALUES ('25', '1000900', '10', '8');
INSERT INTO `wz_queststatus` VALUES ('26', '1000900', '8', 'end');
INSERT INTO `wz_queststatus` VALUES ('27', '1000900', '10', '7');
INSERT INTO `wz_queststatus` VALUES ('28', '1000900', '7', 'end');
INSERT INTO `wz_queststatus` VALUES ('29', '1000900', '10', '6');
INSERT INTO `wz_queststatus` VALUES ('30', '1000900', '6', 'end');
INSERT INTO `wz_queststatus` VALUES ('31', '1000900', '10', '5');
INSERT INTO `wz_queststatus` VALUES ('32', '1000900', '5', 'end');
INSERT INTO `wz_queststatus` VALUES ('33', '1000900', '10', '4');
INSERT INTO `wz_queststatus` VALUES ('34', '1000900', '4', 'end');
INSERT INTO `wz_queststatus` VALUES ('35', '1000900', '10', '3');
INSERT INTO `wz_queststatus` VALUES ('36', '1000900', '3', 'end');
INSERT INTO `wz_queststatus` VALUES ('37', '1000900', '10', '2');
INSERT INTO `wz_queststatus` VALUES ('38', '1000900', '2', 'end');
INSERT INTO `wz_queststatus` VALUES ('39', '1000900', '10', '1');
INSERT INTO `wz_queststatus` VALUES ('40', '1000900', '1', 'end');
INSERT INTO `wz_queststatus` VALUES ('41', '1000900', '10', 'end');
INSERT INTO `wz_queststatus` VALUES ('42', '1000300', 'p', 'end');
INSERT INTO `wz_queststatus` VALUES ('43', '1002800', 's', 'e');
INSERT INTO `wz_queststatus` VALUES ('44', '1001200', 's', 'g');
INSERT INTO `wz_queststatus` VALUES ('45', '1001200', 'g', 'end');
INSERT INTO `wz_queststatus` VALUES ('46', '1000500', 'a', 't');
INSERT INTO `wz_queststatus` VALUES ('47', '1000500', 't', 'end');
INSERT INTO `wz_queststatus` VALUES ('48', '1000400', 'j', 'end');
INSERT INTO `wz_queststatus` VALUES ('49', '1001000', 's', 'end');
INSERT INTO `wz_queststatus` VALUES ('50', '1000700', '1_01', '1_11');
INSERT INTO `wz_queststatus` VALUES ('51', '1000700', '1_11', '1_00');
INSERT INTO `wz_queststatus` VALUES ('52', '1000700', '1_11', '1_99');
INSERT INTO `wz_queststatus` VALUES ('53', '1000700', '1_01', '1_91');
INSERT INTO `wz_queststatus` VALUES ('54', '1000700', '1_91', '1_00');
INSERT INTO `wz_queststatus` VALUES ('55', '1000700', '1_91', '1_99');
INSERT INTO `wz_queststatus` VALUES ('56', '1000700', '1_02', '1_12');
INSERT INTO `wz_queststatus` VALUES ('57', '1000700', '1_12', '1_00');
INSERT INTO `wz_queststatus` VALUES ('58', '1000700', '1_12', '1_99');
INSERT INTO `wz_queststatus` VALUES ('59', '1000700', '1_02', '1_92');
INSERT INTO `wz_queststatus` VALUES ('60', '1000700', '1_92', '1_00');
INSERT INTO `wz_queststatus` VALUES ('61', '1000700', '1_92', '1_99');
INSERT INTO `wz_queststatus` VALUES ('62', '1000700', '1_03', '1_13');
INSERT INTO `wz_queststatus` VALUES ('63', '1000700', '1_13', '1_00');
INSERT INTO `wz_queststatus` VALUES ('64', '1000700', '1_13', '1_99');
INSERT INTO `wz_queststatus` VALUES ('65', '1000700', '1_03', '1_93');
INSERT INTO `wz_queststatus` VALUES ('66', '1000700', '1_93', '1_00');
INSERT INTO `wz_queststatus` VALUES ('67', '1000700', '1_93', '1_99');
INSERT INTO `wz_queststatus` VALUES ('68', '1000700', '1_04', '1_14');
INSERT INTO `wz_queststatus` VALUES ('69', '1000700', '1_14', '1_00');
INSERT INTO `wz_queststatus` VALUES ('70', '1000700', '1_14', '1_99');
INSERT INTO `wz_queststatus` VALUES ('71', '1000700', '1_04', '1_94');
INSERT INTO `wz_queststatus` VALUES ('72', '1000700', '1_94', '1_00');
INSERT INTO `wz_queststatus` VALUES ('73', '1000700', '1_94', '1_99');
INSERT INTO `wz_queststatus` VALUES ('74', '1001801', '1s', '1end');
INSERT INTO `wz_queststatus` VALUES ('75', '1001801', '1end', '2s');
INSERT INTO `wz_queststatus` VALUES ('76', '1001801', '2s', '2end');
INSERT INTO `wz_queststatus` VALUES ('77', '1001801', '2end', '3s');
INSERT INTO `wz_queststatus` VALUES ('78', '1001801', '3s', '3end');
INSERT INTO `wz_queststatus` VALUES ('79', '1000600', '1', '2');
INSERT INTO `wz_queststatus` VALUES ('80', '1000600', '2', '3');
INSERT INTO `wz_queststatus` VALUES ('81', '1000600', '3', '4');
INSERT INTO `wz_queststatus` VALUES ('82', '1000600', '4', 'e');
INSERT INTO `wz_queststatus` VALUES ('83', '1000101', 'p0', 'pe');
INSERT INTO `wz_queststatus` VALUES ('84', '1000901', '20', '19');
INSERT INTO `wz_queststatus` VALUES ('85', '1000901', '19', 'end');
INSERT INTO `wz_queststatus` VALUES ('86', '1000901', '20', '18');
INSERT INTO `wz_queststatus` VALUES ('87', '1000901', '18', 'end');
INSERT INTO `wz_queststatus` VALUES ('88', '1000901', '20', '17');
INSERT INTO `wz_queststatus` VALUES ('89', '1000901', '17', 'end');
INSERT INTO `wz_queststatus` VALUES ('90', '1000901', '20', '16');
INSERT INTO `wz_queststatus` VALUES ('91', '1000901', '16', 'end');
INSERT INTO `wz_queststatus` VALUES ('92', '1000901', '20', '15');
INSERT INTO `wz_queststatus` VALUES ('93', '1000901', '15', 'end');
INSERT INTO `wz_queststatus` VALUES ('94', '1000901', '20', '14');
INSERT INTO `wz_queststatus` VALUES ('95', '1000901', '14', 'end');
INSERT INTO `wz_queststatus` VALUES ('96', '1000901', '20', '13');
INSERT INTO `wz_queststatus` VALUES ('97', '1000901', '13', 'end');
INSERT INTO `wz_queststatus` VALUES ('98', '1000901', '20', '12');
INSERT INTO `wz_queststatus` VALUES ('99', '1000901', '12', 'end');
INSERT INTO `wz_queststatus` VALUES ('100', '1000901', '20', '11');
INSERT INTO `wz_queststatus` VALUES ('101', '1000901', '11', 'end');
INSERT INTO `wz_queststatus` VALUES ('102', '1000901', '20', '10');
INSERT INTO `wz_queststatus` VALUES ('103', '1000901', '10', 'end');
INSERT INTO `wz_queststatus` VALUES ('104', '1000901', '20', '9');
INSERT INTO `wz_queststatus` VALUES ('105', '1000901', '9', 'end');
INSERT INTO `wz_queststatus` VALUES ('106', '1000901', '20', '8');
INSERT INTO `wz_queststatus` VALUES ('107', '1000901', '8', 'end');
INSERT INTO `wz_queststatus` VALUES ('108', '1000901', '20', '7');
INSERT INTO `wz_queststatus` VALUES ('109', '1000901', '7', 'end');
INSERT INTO `wz_queststatus` VALUES ('110', '1000901', '20', '6');
INSERT INTO `wz_queststatus` VALUES ('111', '1000901', '6', 'end');
INSERT INTO `wz_queststatus` VALUES ('112', '1000901', '20', '5');
INSERT INTO `wz_queststatus` VALUES ('113', '1000901', '5', 'end');
INSERT INTO `wz_queststatus` VALUES ('114', '1000901', '20', '4');
INSERT INTO `wz_queststatus` VALUES ('115', '1000901', '4', 'end');
INSERT INTO `wz_queststatus` VALUES ('116', '1000901', '20', '3');
INSERT INTO `wz_queststatus` VALUES ('117', '1000901', '3', 'end');
INSERT INTO `wz_queststatus` VALUES ('118', '1000901', '20', '2');
INSERT INTO `wz_queststatus` VALUES ('119', '1000901', '2', 'end');
INSERT INTO `wz_queststatus` VALUES ('120', '1000901', '20', '1');
INSERT INTO `wz_queststatus` VALUES ('121', '1000901', '1', 'end');
INSERT INTO `wz_queststatus` VALUES ('122', '1000901', '20', 'end');
INSERT INTO `wz_queststatus` VALUES ('123', '1001201', 's', 'g');
INSERT INTO `wz_queststatus` VALUES ('124', '1001201', 'g', 'end');
INSERT INTO `wz_queststatus` VALUES ('125', '1000601', 'r0', 'r1');
INSERT INTO `wz_queststatus` VALUES ('126', '1000601', 'r1', 'r2');
INSERT INTO `wz_queststatus` VALUES ('127', '1000601', 'r2', 'r3');
INSERT INTO `wz_queststatus` VALUES ('128', '1000601', 'r3', 'r4');
INSERT INTO `wz_queststatus` VALUES ('129', '1000601', 'r4', 'r5');
INSERT INTO `wz_queststatus` VALUES ('130', '1000601', 'r5', 'r6');
INSERT INTO `wz_queststatus` VALUES ('131', '1000601', 'r6', 'r7');
INSERT INTO `wz_queststatus` VALUES ('132', '1000601', 'r7', 'r8');
INSERT INTO `wz_queststatus` VALUES ('133', '1000601', 'r8', 're');
INSERT INTO `wz_queststatus` VALUES ('134', '1000401', 'j0', 'j1');
INSERT INTO `wz_queststatus` VALUES ('135', '1000401', 'j1', 'j2');
INSERT INTO `wz_queststatus` VALUES ('136', '1000401', 'j2', 'j3');
INSERT INTO `wz_queststatus` VALUES ('137', '1000401', 'j3', 'j4');
INSERT INTO `wz_queststatus` VALUES ('138', '1000401', 'j4', 'je');
INSERT INTO `wz_queststatus` VALUES ('139', '1001202', 's', 'g');
INSERT INTO `wz_queststatus` VALUES ('140', '1001202', 'g', 'end');
INSERT INTO `wz_queststatus` VALUES ('141', '1001400', 's', '1');
INSERT INTO `wz_queststatus` VALUES ('142', '1001400', '1', '21');
INSERT INTO `wz_queststatus` VALUES ('143', '1001400', '1', '201');
INSERT INTO `wz_queststatus` VALUES ('144', '1001400', '21', '321');
INSERT INTO `wz_queststatus` VALUES ('145', '1001400', '201', '231');
INSERT INTO `wz_queststatus` VALUES ('146', '1001400', '321', 'end1');
INSERT INTO `wz_queststatus` VALUES ('147', '1001400', '201', 'end2');
INSERT INTO `wz_queststatus` VALUES ('148', '1001400', 's', '10');
INSERT INTO `wz_queststatus` VALUES ('149', '1001400', '10', '12');
INSERT INTO `wz_queststatus` VALUES ('150', '1001400', '10', '210');
INSERT INTO `wz_queststatus` VALUES ('151', '1001400', '12', '312');
INSERT INTO `wz_queststatus` VALUES ('152', '1001400', '210', '213');
INSERT INTO `wz_queststatus` VALUES ('153', '1001400', '312', 'end2');
INSERT INTO `wz_queststatus` VALUES ('154', '1001400', '213', 'end2');
INSERT INTO `wz_queststatus` VALUES ('155', '1001400', 's', '100');
INSERT INTO `wz_queststatus` VALUES ('156', '1001400', '100', '102');
INSERT INTO `wz_queststatus` VALUES ('157', '1001400', '100', '120');
INSERT INTO `wz_queststatus` VALUES ('158', '1001400', '102', '132');
INSERT INTO `wz_queststatus` VALUES ('159', '1001400', '120', '123');
INSERT INTO `wz_queststatus` VALUES ('160', '1001400', '132', 'end2');
INSERT INTO `wz_queststatus` VALUES ('161', '1001400', '123', 'end2');
INSERT INTO `wz_queststatus` VALUES ('162', '1000201', 'ms', 'mc');
INSERT INTO `wz_queststatus` VALUES ('163', '1000201', 'mc', 'mh');
INSERT INTO `wz_queststatus` VALUES ('164', '1000201', 'mh', 'yes');
INSERT INTO `wz_queststatus` VALUES ('165', '1000201', 'mh', 'no');
INSERT INTO `wz_queststatus` VALUES ('166', '1000701', '2_01', '2_11');
INSERT INTO `wz_queststatus` VALUES ('167', '1000701', '2_11', '2_00');
INSERT INTO `wz_queststatus` VALUES ('168', '1000701', '2_01', '2_91');
INSERT INTO `wz_queststatus` VALUES ('169', '1000701', '2_91', '2_00');
INSERT INTO `wz_queststatus` VALUES ('170', '1000701', '2_02', '2_12');
INSERT INTO `wz_queststatus` VALUES ('171', '1000701', '2_12', '2_99');
INSERT INTO `wz_queststatus` VALUES ('172', '1000701', '2_02', '2_92');
INSERT INTO `wz_queststatus` VALUES ('173', '1000701', '2_92', '2_99');
INSERT INTO `wz_queststatus` VALUES ('174', '1000701', '2_51', '2_61');
INSERT INTO `wz_queststatus` VALUES ('175', '1000701', '2_61', '2_99');
INSERT INTO `wz_queststatus` VALUES ('176', '1000701', '2_51', '2_81');
INSERT INTO `wz_queststatus` VALUES ('177', '1000701', '2_81', '2_99');
INSERT INTO `wz_queststatus` VALUES ('178', '1000701', '2_52', '2_62');
INSERT INTO `wz_queststatus` VALUES ('179', '1000701', '2_62', '2_00');
INSERT INTO `wz_queststatus` VALUES ('180', '1000701', '2_52', '2_82');
INSERT INTO `wz_queststatus` VALUES ('181', '1000701', '2_82', '2_00');
INSERT INTO `wz_queststatus` VALUES ('182', '1000701', '2_53', '2_63');
INSERT INTO `wz_queststatus` VALUES ('183', '1000701', '2_63', '2_99');
INSERT INTO `wz_queststatus` VALUES ('184', '1000701', '2_53', '2_83');
INSERT INTO `wz_queststatus` VALUES ('185', '1000701', '2_83', '2_99');
INSERT INTO `wz_queststatus` VALUES ('186', '1000801', 's', 'end');
INSERT INTO `wz_queststatus` VALUES ('187', '1000301', 's', 'g');
INSERT INTO `wz_queststatus` VALUES ('188', '1000301', 'g', 'p');
INSERT INTO `wz_queststatus` VALUES ('189', '1000301', 'p', 'end');
INSERT INTO `wz_queststatus` VALUES ('190', '1000602', '1', '1e');
INSERT INTO `wz_queststatus` VALUES ('191', '1000602', '1e', '2');
INSERT INTO `wz_queststatus` VALUES ('192', '1000602', '2', '2e');
INSERT INTO `wz_queststatus` VALUES ('193', '1000602', '2e', '3');
INSERT INTO `wz_queststatus` VALUES ('194', '1000602', '3', '3e');
INSERT INTO `wz_queststatus` VALUES ('195', '1000602', '3e', '4');
INSERT INTO `wz_queststatus` VALUES ('196', '1000602', '4', 'end');
INSERT INTO `wz_queststatus` VALUES ('197', '1000202', '1', '1e');
INSERT INTO `wz_queststatus` VALUES ('198', '1000202', '1e', '2');
INSERT INTO `wz_queststatus` VALUES ('199', '1000202', '2', '2e');
INSERT INTO `wz_queststatus` VALUES ('200', '1000202', '2e', '3');
INSERT INTO `wz_queststatus` VALUES ('201', '1000202', '3', '3e');
INSERT INTO `wz_queststatus` VALUES ('202', '1000202', '3e', '4');
INSERT INTO `wz_queststatus` VALUES ('203', '1000202', '4', 'end');
INSERT INTO `wz_queststatus` VALUES ('204', '1002000', 's', 'end');
INSERT INTO `wz_queststatus` VALUES ('205', '1001500', 's', 'hs');
INSERT INTO `wz_queststatus` VALUES ('206', '1001500', 'hs', 'he');
INSERT INTO `wz_queststatus` VALUES ('207', '1001500', 'he', 'ks');
INSERT INTO `wz_queststatus` VALUES ('208', '1001500', 'ks', 'ke');
INSERT INTO `wz_queststatus` VALUES ('209', '1001500', 'ke', 'fe');
INSERT INTO `wz_queststatus` VALUES ('210', '1001500', 'fe', 'ms');
INSERT INTO `wz_queststatus` VALUES ('211', '1001500', 'ms', 'mw');
INSERT INTO `wz_queststatus` VALUES ('212', '1001500', 'mw', 'mg');
INSERT INTO `wz_queststatus` VALUES ('213', '1001500', 'mg', 'me');
INSERT INTO `wz_queststatus` VALUES ('214', '1001500', 'me', 'fb');
INSERT INTO `wz_queststatus` VALUES ('215', '1001500', 'fb', 'end');
INSERT INTO `wz_queststatus` VALUES ('216', '1001501', 's', 'h1');
INSERT INTO `wz_queststatus` VALUES ('217', '1001501', 'h1', 'h2');
INSERT INTO `wz_queststatus` VALUES ('218', '1001501', 'h2', 'h3');
INSERT INTO `wz_queststatus` VALUES ('219', '1001501', 'h3', 'h4');
INSERT INTO `wz_queststatus` VALUES ('220', '1001501', 'h4', 'h5');
INSERT INTO `wz_queststatus` VALUES ('221', '1001501', 'h5', 'h6');
INSERT INTO `wz_queststatus` VALUES ('222', '1001501', 'h6', 'end');
INSERT INTO `wz_queststatus` VALUES ('223', '1001502', 's', '2');
INSERT INTO `wz_queststatus` VALUES ('224', '1001502', '2', '3');
INSERT INTO `wz_queststatus` VALUES ('225', '1001502', '3', '4');
INSERT INTO `wz_queststatus` VALUES ('226', '1001502', '4', '5');
INSERT INTO `wz_queststatus` VALUES ('227', '1001502', '5', 's1');
INSERT INTO `wz_queststatus` VALUES ('228', '1001502', 's1', 's2');
INSERT INTO `wz_queststatus` VALUES ('229', '1001502', 's2', 's3');
INSERT INTO `wz_queststatus` VALUES ('230', '1001502', 's3', 's4');
INSERT INTO `wz_queststatus` VALUES ('231', '1001502', 's4', 's5');
INSERT INTO `wz_queststatus` VALUES ('232', '1001502', 's5', 's6');
INSERT INTO `wz_queststatus` VALUES ('233', '1001502', 's6', 'end');
INSERT INTO `wz_queststatus` VALUES ('234', '1001503', 's', 'k1');
INSERT INTO `wz_queststatus` VALUES ('235', '1001503', 'k1', 'k2');
INSERT INTO `wz_queststatus` VALUES ('236', '1001503', 'k2', 'end');
INSERT INTO `wz_queststatus` VALUES ('237', '1001504', 's', 'f1');
INSERT INTO `wz_queststatus` VALUES ('238', '1001504', 'f1', 'f2');
INSERT INTO `wz_queststatus` VALUES ('239', '1001504', 'f2', 'f3');
INSERT INTO `wz_queststatus` VALUES ('240', '1001504', 'f3', 'f4');
INSERT INTO `wz_queststatus` VALUES ('241', '1001504', 'f4', 'f5');
INSERT INTO `wz_queststatus` VALUES ('242', '1001504', 'f5', 'f6');
INSERT INTO `wz_queststatus` VALUES ('243', '1001504', 'f6', 'end');
INSERT INTO `wz_queststatus` VALUES ('244', '1000902', '30', '29');
INSERT INTO `wz_queststatus` VALUES ('245', '1000902', '29', 'end');
INSERT INTO `wz_queststatus` VALUES ('246', '1000902', '30', '28');
INSERT INTO `wz_queststatus` VALUES ('247', '1000902', '28', 'end');
INSERT INTO `wz_queststatus` VALUES ('248', '1000902', '30', '27');
INSERT INTO `wz_queststatus` VALUES ('249', '1000902', '27', 'end');
INSERT INTO `wz_queststatus` VALUES ('250', '1000902', '30', '26');
INSERT INTO `wz_queststatus` VALUES ('251', '1000902', '26', 'end');
INSERT INTO `wz_queststatus` VALUES ('252', '1000902', '30', '25');
INSERT INTO `wz_queststatus` VALUES ('253', '1000902', '25', 'end');
INSERT INTO `wz_queststatus` VALUES ('254', '1000902', '30', '24');
INSERT INTO `wz_queststatus` VALUES ('255', '1000902', '24', 'end');
INSERT INTO `wz_queststatus` VALUES ('256', '1000902', '30', '23');
INSERT INTO `wz_queststatus` VALUES ('257', '1000902', '23', 'end');
INSERT INTO `wz_queststatus` VALUES ('258', '1000902', '30', '22');
INSERT INTO `wz_queststatus` VALUES ('259', '1000902', '22', 'end');
INSERT INTO `wz_queststatus` VALUES ('260', '1000902', '30', '21');
INSERT INTO `wz_queststatus` VALUES ('261', '1000902', '21', 'end');
INSERT INTO `wz_queststatus` VALUES ('262', '1000902', '30', '20');
INSERT INTO `wz_queststatus` VALUES ('263', '1000902', '20', 'end');
INSERT INTO `wz_queststatus` VALUES ('264', '1000902', '30', '19');
INSERT INTO `wz_queststatus` VALUES ('265', '1000902', '19', 'end');
INSERT INTO `wz_queststatus` VALUES ('266', '1000902', '30', '18');
INSERT INTO `wz_queststatus` VALUES ('267', '1000902', '18', 'end');
INSERT INTO `wz_queststatus` VALUES ('268', '1000902', '30', '17');
INSERT INTO `wz_queststatus` VALUES ('269', '1000902', '17', 'end');
INSERT INTO `wz_queststatus` VALUES ('270', '1000902', '30', '16');
INSERT INTO `wz_queststatus` VALUES ('271', '1000902', '16', 'end');
INSERT INTO `wz_queststatus` VALUES ('272', '1000902', '30', '15');
INSERT INTO `wz_queststatus` VALUES ('273', '1000902', '15', 'end');
INSERT INTO `wz_queststatus` VALUES ('274', '1000902', '30', '14');
INSERT INTO `wz_queststatus` VALUES ('275', '1000902', '14', 'end');
INSERT INTO `wz_queststatus` VALUES ('276', '1000902', '30', '13');
INSERT INTO `wz_queststatus` VALUES ('277', '1000902', '13', 'end');
INSERT INTO `wz_queststatus` VALUES ('278', '1000902', '30', '12');
INSERT INTO `wz_queststatus` VALUES ('279', '1000902', '12', 'end');
INSERT INTO `wz_queststatus` VALUES ('280', '1000902', '30', '11');
INSERT INTO `wz_queststatus` VALUES ('281', '1000902', '11', 'end');
INSERT INTO `wz_queststatus` VALUES ('282', '1000902', '30', '10');
INSERT INTO `wz_queststatus` VALUES ('283', '1000902', '10', 'end');
INSERT INTO `wz_queststatus` VALUES ('284', '1000902', '30', '9');
INSERT INTO `wz_queststatus` VALUES ('285', '1000902', '9', 'end');
INSERT INTO `wz_queststatus` VALUES ('286', '1000902', '30', '8');
INSERT INTO `wz_queststatus` VALUES ('287', '1000902', '8', 'end');
INSERT INTO `wz_queststatus` VALUES ('288', '1000902', '30', '7');
INSERT INTO `wz_queststatus` VALUES ('289', '1000902', '7', 'end');
INSERT INTO `wz_queststatus` VALUES ('290', '1000902', '30', '6');
INSERT INTO `wz_queststatus` VALUES ('291', '1000902', '6', 'end');
INSERT INTO `wz_queststatus` VALUES ('292', '1000902', '30', '5');
INSERT INTO `wz_queststatus` VALUES ('293', '1000902', '5', 'end');
INSERT INTO `wz_queststatus` VALUES ('294', '1000902', '30', '4');
INSERT INTO `wz_queststatus` VALUES ('295', '1000902', '4', 'end');
INSERT INTO `wz_queststatus` VALUES ('296', '1000902', '30', '3');
INSERT INTO `wz_queststatus` VALUES ('297', '1000902', '3', 'end');
INSERT INTO `wz_queststatus` VALUES ('298', '1000902', '30', '2');
INSERT INTO `wz_queststatus` VALUES ('299', '1000902', '2', 'end');
INSERT INTO `wz_queststatus` VALUES ('300', '1000902', '30', '1');
INSERT INTO `wz_queststatus` VALUES ('301', '1000902', '1', 'end');
INSERT INTO `wz_queststatus` VALUES ('302', '1000902', '30', 'end');
INSERT INTO `wz_queststatus` VALUES ('303', '1001600', 's', 'end');
INSERT INTO `wz_queststatus` VALUES ('304', '1001900', 's', 'g');
INSERT INTO `wz_queststatus` VALUES ('305', '1001900', 'g', 'end');
INSERT INTO `wz_queststatus` VALUES ('306', '7000000', 's', 'fail');
INSERT INTO `wz_queststatus` VALUES ('307', '7000000', 'fail', 'end');
INSERT INTO `wz_queststatus` VALUES ('308', '7000000', 's', 'end');
INSERT INTO `wz_queststatus` VALUES ('309', '7000001', 's', 'end');
INSERT INTO `wz_queststatus` VALUES ('310', '7000002', 's', 'end');
INSERT INTO `wz_queststatus` VALUES ('311', '7000002', 's2', 'end');

